iteration,org_score_mean,top10_overlap,maturity_unchanged
1,70.9897,0.8,0.908
2,71.4008,0.8,0.948
3,71.1316,0.7,0.94
4,71.0392,0.6,0.932
5,70.8529,0.8,0.936
6,71.0996,0.9,0.96
7,70.9605,0.8,0.94
8,71.1257,0.9,0.956
9,71.213,0.8,0.956
10,71.0723,0.9,0.976
11,71.3366,0.8,0.876
12,71.1341,0.8,0.948
13,71.1203,0.9,0.92
14,71.0092,1.0,0.936
15,71.1472,0.8,0.904
16,71.1372,0.7,0.928
17,71.0058,0.8,0.928
18,70.9599,0.9,0.908
19,71.3006,0.9,0.948
20,70.9787,1.0,0.94
21,71.1022,0.9,0.96
22,70.9753,0.9,0.924
23,70.7808,0.8,0.916
24,71.1069,0.6,0.928
25,71.1744,0.9,0.956
26,71.0548,0.9,0.948
27,71.1513,0.9,0.952
28,71.2138,0.8,0.936
29,71.1449,0.8,0.976
30,71.1298,0.9,0.928
31,71.0071,0.9,0.964
32,71.049,0.7,0.908
33,70.9169,0.9,0.932
34,70.962,0.9,0.936
35,70.9992,0.8,0.944
36,71.1703,0.9,0.904
37,71.2628,0.7,0.964
38,71.1065,0.9,0.964
39,71.2724,0.8,0.94
40,71.0822,0.9,0.972
41,71.1164,0.9,0.94
42,70.9056,0.8,0.908
43,71.0687,0.8,0.956
44,70.8202,0.8,0.9
45,70.9859,0.9,0.956
46,70.8857,0.8,0.928
47,71.1493,0.7,0.94
48,71.2013,0.9,0.956
49,71.1292,0.6,0.932
50,71.2966,0.8,0.956
51,70.923,0.8,0.916
52,71.0452,1.0,0.972
53,71.0802,0.8,0.924
54,71.1452,0.6,0.908
55,71.2786,0.8,0.94
56,71.2427,0.9,0.92
57,71.1378,0.7,0.924
58,71.0701,0.9,0.948
59,71.0708,0.8,0.956
60,71.046,0.8,0.956
61,71.0772,0.8,0.936
62,71.1537,1.0,0.936
63,71.0765,0.8,0.936
64,71.254,0.8,0.892
65,71.2081,0.8,0.916
66,70.8517,0.9,0.952
67,71.2143,0.8,0.896
68,71.063,0.9,0.948
69,71.108,0.8,0.956
70,70.9332,0.7,0.916
71,71.2832,0.7,0.944
72,70.9248,0.9,0.928
73,70.8406,0.9,0.932
74,70.9742,0.8,0.916
75,71.0866,0.9,0.92
76,71.15,0.9,0.956
77,71.1812,0.8,0.888
78,71.1705,0.8,0.972
79,71.1449,0.8,0.928
80,71.2463,0.9,0.964
81,71.2187,0.9,0.912
82,71.1088,0.9,0.96
83,71.2422,0.8,0.932
84,70.9938,0.9,0.972
85,71.2898,0.8,0.932
86,70.9591,0.9,0.94
87,70.9104,0.9,0.912
88,71.0466,0.9,0.956
89,71.1077,0.8,0.924
90,71.3092,0.6,0.94
91,71.2063,0.6,0.936
92,71.1094,0.9,0.936
93,70.8509,0.7,0.916
94,71.1475,0.8,0.948
95,71.229,0.8,0.916
96,71.1788,0.8,0.908
97,71.1883,0.9,0.972
98,70.9997,0.8,0.924
99,71.1185,0.8,0.928
100,71.1474,1.0,0.944
101,71.3279,0.7,0.932
102,71.2227,0.8,0.912
103,71.1007,0.8,0.96
104,70.8555,0.7,0.904
105,71.1827,0.7,0.912
106,70.9393,0.9,0.956
107,71.2252,0.7,0.904
108,70.9657,0.9,0.916
109,71.1091,0.9,0.964
110,71.0337,0.8,0.94
111,71.087,0.9,0.944
112,71.1042,0.9,0.956
113,70.8467,0.8,0.932
114,70.9127,0.7,0.916
115,70.916,0.8,0.908
116,71.0982,0.9,0.952
117,71.1801,0.7,0.932
118,71.2009,0.8,0.964
119,70.9259,0.8,0.936
120,71.1193,1.0,0.956
121,70.8329,0.8,0.912
122,71.0546,0.9,0.924
123,71.0341,1.0,0.944
124,71.0631,0.7,0.924
125,71.0045,0.8,0.92
126,70.9181,0.8,0.916
127,71.3523,0.8,0.948
128,71.0737,0.8,0.956
129,71.0772,1.0,0.956
130,70.931,1.0,0.896
131,71.206,0.8,0.944
132,71.3311,0.8,0.932
133,71.1279,0.9,0.972
134,70.8319,0.8,0.916
135,71.1384,0.9,0.948
136,71.1127,0.9,0.944
137,70.9415,0.9,0.932
138,71.0279,0.9,0.96
139,71.1195,0.8,0.968
140,70.9083,0.8,0.948
141,71.1398,0.8,0.964
142,71.1799,0.8,0.952
143,71.1384,0.8,0.952
144,71.3064,0.8,0.972
145,71.2972,0.7,0.92
146,70.9786,0.9,0.952
147,71.2398,0.9,0.948
148,71.1782,0.8,0.956
149,71.1309,0.8,0.94
150,71.0636,0.8,0.976
151,71.0769,0.7,0.928
152,71.2554,0.7,0.964
153,71.1614,1.0,0.956
154,71.1408,0.9,0.94
155,70.9564,0.8,0.944
156,70.8929,0.9,0.944
157,71.0806,0.9,0.936
158,71.232,0.8,0.944
159,70.9594,0.8,0.928
160,71.1179,0.9,0.964
161,71.2919,0.8,0.944
162,71.4126,0.7,0.908
163,71.1897,0.9,0.936
164,71.1671,0.7,0.936
165,70.8991,0.8,0.916
166,71.3157,0.7,0.932
167,71.0256,0.9,0.892
168,71.1514,0.6,0.892
169,71.1322,0.7,0.952
170,71.0741,0.8,0.916
171,71.2309,0.8,0.952
172,71.0457,0.7,0.916
173,70.9908,0.9,0.944
174,71.0728,0.8,0.928
175,71.1313,1.0,0.96
176,71.189,0.8,0.936
177,71.2698,0.8,0.972
178,70.9929,0.8,0.956
179,71.2905,0.9,0.924
180,71.2517,0.9,0.94
181,71.0755,1.0,0.988
182,71.006,0.7,0.896
183,71.0586,0.8,0.968
184,71.1787,0.8,0.952
185,71.0016,0.9,0.944
186,70.8936,0.8,0.936
187,71.3426,0.7,0.94
188,71.0733,0.9,0.956
189,71.2373,0.8,0.928
190,71.2484,0.8,0.976
191,71.4212,0.8,0.928
192,71.2015,0.8,0.964
193,70.8066,0.9,0.92
194,71.014,0.9,0.94
195,71.1689,0.7,0.94
196,71.238,0.8,0.952
197,71.2164,0.7,0.924
198,71.1806,0.7,0.92
199,70.9749,0.8,0.908
200,71.3085,0.8,0.932
201,71.147,0.8,0.952
202,71.1334,0.8,0.956
203,71.0986,0.8,0.96
204,70.918,0.9,0.896
205,71.0773,0.9,0.964
206,71.1883,0.7,0.904
207,71.1768,1.0,0.964
208,71.1609,0.8,0.956
209,70.9365,0.7,0.904
210,71.3187,0.8,0.96
211,71.2529,0.7,0.928
212,71.1625,0.8,0.952
213,71.1195,0.8,0.964
214,71.0862,0.9,0.904
215,71.1626,0.8,0.924
216,71.1373,0.8,0.964
217,71.0385,0.8,0.924
218,71.0472,0.9,0.96
219,71.1403,0.7,0.924
220,71.2352,0.9,0.924
221,71.1257,1.0,0.952
222,71.0249,0.9,0.956
223,71.1364,0.8,0.976
224,71.013,0.8,0.932
225,71.0913,0.7,0.908
226,71.134,1.0,0.98
227,71.2839,0.8,0.956
228,71.2595,0.8,0.944
229,70.8032,0.8,0.912
230,70.9855,0.8,0.944
231,70.9723,0.9,0.924
232,70.9656,0.9,0.924
233,71.0439,0.9,0.968
234,70.8028,0.9,0.932
235,71.1715,0.7,0.912
236,70.9587,0.7,0.916
237,71.0636,1.0,0.972
238,70.8659,0.8,0.904
239,71.083,0.8,0.932
240,71.3302,0.8,0.932
241,71.0824,0.9,0.936
242,71.1901,0.8,0.972
243,70.9341,1.0,0.924
244,71.4511,0.8,0.912
245,71.1768,0.8,0.932
246,71.3062,0.9,0.952
247,71.1016,0.8,0.952
248,71.1032,0.7,0.944
249,71.1611,0.8,0.944
250,71.1013,0.9,0.944
251,70.9125,0.9,0.932
252,71.0597,0.7,0.9
253,71.2178,0.8,0.92
254,70.8206,0.7,0.896
255,71.1423,0.9,0.944
256,70.9397,0.9,0.964
257,70.8293,0.8,0.904
258,71.2374,0.8,0.972
259,70.957,0.9,0.928
260,71.332,0.8,0.948
261,71.1781,0.8,0.976
262,70.966,0.8,0.92
263,71.3326,0.7,0.928
264,71.0131,0.9,0.936
265,70.9576,0.9,0.94
266,71.269,0.8,0.908
267,70.9583,1.0,0.904
268,70.9485,0.9,0.924
269,71.129,0.9,0.94
270,70.918,0.8,0.928
271,71.0684,0.9,0.964
272,71.0555,0.8,0.928
273,71.0129,0.9,0.932
274,71.1371,0.9,0.944
275,70.8283,0.8,0.916
276,71.1404,0.7,0.932
277,71.0297,0.9,0.944
278,71.0261,0.7,0.94
279,70.9277,0.8,0.936
280,70.847,0.7,0.9
281,71.2033,0.8,0.944
282,71.316,0.8,0.956
283,71.0374,0.9,0.948
284,71.4011,0.8,0.928
285,71.4122,0.7,0.908
286,71.0165,0.8,0.96
287,71.0439,0.9,0.94
288,70.9828,0.9,0.952
289,71.2657,0.9,0.936
290,71.3418,0.8,0.932
291,71.0324,0.9,0.932
292,71.286,0.7,0.888
293,70.9286,0.8,0.96
294,71.113,0.9,0.952
295,70.9368,0.9,0.9
296,70.8771,0.8,0.904
297,70.9865,0.8,0.924
298,71.0859,0.9,0.936
299,71.1109,0.7,0.904
300,70.9433,0.8,0.944
301,71.0309,1.0,0.964
302,71.0173,1.0,0.944
303,70.8759,0.9,0.932
304,70.9534,0.8,0.912
305,70.8713,0.9,0.912
306,71.1934,0.9,0.944
307,71.1411,0.8,0.948
308,71.1013,0.8,0.972
309,70.9245,0.9,0.936
310,71.1947,0.8,0.94
311,71.1623,0.8,0.972
312,70.9201,0.9,0.932
313,71.114,1.0,0.94
314,71.0526,0.8,0.928
315,71.0744,0.8,0.972
316,71.0685,0.9,0.96
317,70.9657,0.9,0.944
318,70.8839,0.9,0.952
319,71.1931,0.9,0.96
320,71.0557,0.8,0.96
321,71.0458,0.9,0.952
322,71.05,1.0,0.952
323,70.993,0.8,0.952
324,71.0247,0.9,0.964
325,71.4383,0.8,0.936
326,70.7853,0.8,0.924
327,70.7899,0.9,0.908
328,70.8039,0.8,0.924
329,71.103,0.8,0.96
330,70.8828,0.9,0.928
331,71.2147,0.9,0.968
332,71.0356,1.0,0.94
333,71.1796,0.8,0.952
334,71.0917,0.9,0.956
335,71.2068,0.8,0.968
336,70.9156,0.9,0.92
337,70.9887,0.7,0.912
338,71.1936,0.8,0.976
339,71.0927,0.8,0.94
340,71.1384,0.8,0.904
341,71.1131,0.9,0.972
342,71.0932,0.9,0.94
343,71.332,0.8,0.928
344,71.106,0.8,0.94
345,71.1687,1.0,0.96
346,71.3071,0.8,0.952
347,71.3027,0.8,0.936
348,71.0111,1.0,0.944
349,70.9851,1.0,0.956
350,70.9764,0.8,0.928
351,71.0388,0.9,0.944
352,71.0673,0.7,0.928
353,70.9144,0.9,0.928
354,71.2665,0.7,0.936
355,71.1542,0.7,0.932
356,71.1073,0.8,0.924
357,71.2075,0.8,0.952
358,71.1601,0.8,0.952
359,70.8482,0.9,0.904
360,70.9391,0.9,0.924
361,70.9551,0.8,0.936
362,71.0508,0.9,0.936
363,71.2833,0.8,0.948
364,71.0849,0.7,0.924
365,71.0014,0.9,0.972
366,71.1387,0.8,0.948
367,71.1771,0.8,0.952
368,71.0865,0.8,0.972
369,71.1017,0.7,0.948
370,71.3193,0.8,0.896
371,71.0032,1.0,0.944
372,71.4039,0.6,0.92
373,71.2891,0.8,0.964
374,70.8632,0.9,0.932
375,71.4536,0.8,0.916
376,70.9949,0.7,0.892
377,70.9518,0.8,0.928
378,71.1678,0.8,0.948
379,71.0441,0.9,0.94
380,71.0418,0.9,0.94
381,71.1064,0.8,0.964
382,70.9626,0.9,0.94
383,71.1621,0.7,0.94
384,71.0701,0.8,0.936
385,70.9279,0.8,0.924
386,71.0297,0.9,0.936
387,71.2509,0.8,0.94
388,71.0277,0.9,0.96
389,70.9626,0.9,0.928
390,71.0441,0.9,0.924
391,71.2567,0.8,0.94
392,71.1101,0.8,0.916
393,70.8946,0.8,0.944
394,71.0095,1.0,0.964
395,70.9603,0.9,0.912
396,70.9168,0.9,0.912
397,70.8715,0.9,0.944
398,71.2565,0.6,0.932
399,70.9255,0.9,0.956
400,70.9321,0.8,0.924
401,71.1058,1.0,0.948
402,71.3984,0.7,0.916
403,71.1813,0.8,0.948
404,71.1426,1.0,0.968
405,71.2812,0.9,0.952
406,71.0837,0.9,0.94
407,71.2484,0.8,0.948
408,70.9925,0.9,0.916
409,70.9225,0.8,0.888
410,70.9507,0.7,0.94
411,71.3354,0.8,0.928
412,70.9109,0.8,0.94
413,70.9584,0.8,0.928
414,71.1786,0.8,0.94
415,71.2638,0.8,0.96
416,71.2025,0.7,0.952
417,71.2327,0.7,0.94
418,71.0978,0.8,0.916
419,71.2546,0.8,0.968
420,71.1155,0.9,0.944
421,71.003,0.8,0.948
422,70.9363,0.9,0.944
423,71.0114,0.8,0.928
424,70.9809,1.0,0.952
425,71.1992,0.9,0.948
426,70.9246,0.7,0.92
427,71.0623,0.9,0.952
428,71.0145,0.9,0.96
429,71.0737,0.9,0.904
430,70.8897,0.8,0.944
431,71.1155,1.0,0.96
432,71.269,0.8,0.952
433,70.9287,0.9,0.936
434,70.8698,0.8,0.924
435,70.9059,0.8,0.916
436,70.9926,1.0,0.936
437,70.9058,0.8,0.928
438,70.8116,0.8,0.932
439,71.1282,0.8,0.952
440,71.1556,0.9,0.94
441,71.194,0.9,0.92
442,71.0567,0.8,0.94
443,70.9994,0.8,0.912
444,70.9031,0.9,0.932
445,71.0635,0.9,0.976
446,71.1357,0.8,0.94
447,70.9846,0.8,0.932
448,71.2137,0.7,0.948
449,71.0686,0.9,0.972
450,71.2544,0.8,0.924
451,70.9974,0.8,0.952
452,71.0799,0.9,0.956
453,71.373,0.7,0.928
454,71.2323,0.7,0.924
455,70.8984,0.8,0.92
456,70.9464,0.9,0.94
457,70.8086,0.8,0.932
458,71.1971,0.8,0.96
459,71.2675,0.8,0.972
460,71.119,0.8,0.972
461,71.2544,0.9,0.924
462,71.0919,0.9,0.976
463,71.3483,0.8,0.944
464,71.0643,0.9,0.98
465,71.1605,0.8,0.948
466,71.1105,0.8,0.964
467,70.987,0.9,0.924
468,71.0026,0.8,0.948
469,70.9136,0.8,0.928
470,70.9517,0.7,0.892
471,71.2449,0.9,0.924
472,71.2156,0.8,0.968
473,70.9869,1.0,0.936
474,71.1942,0.8,0.96
475,71.1914,0.8,0.928
476,70.997,0.9,0.916
477,70.8069,0.7,0.88
478,70.6482,0.8,0.892
479,70.9972,0.8,0.936
480,71.2663,0.9,0.952
481,71.0463,0.8,0.928
482,70.9939,1.0,0.972
483,71.1513,0.8,0.98
484,70.7426,0.8,0.896
485,71.2686,0.8,0.976
486,71.1534,0.9,0.936
487,70.9582,0.8,0.928
488,71.2479,0.8,0.94
489,71.2241,0.9,0.932
490,70.9573,0.9,0.956
491,71.0477,0.9,0.948
492,71.0218,0.7,0.952
493,70.9735,0.8,0.912
494,70.8686,0.9,0.92
495,70.8262,0.8,0.924
496,71.3093,0.8,0.936
497,71.0729,0.9,0.94
498,71.1063,1.0,0.972
499,71.139,0.8,0.944
500,71.134,0.8,0.948
501,71.0768,0.9,0.964
502,71.2666,0.7,0.944
503,70.9212,0.9,0.932
504,71.0139,0.9,0.952
505,71.04,0.8,0.932
506,71.158,0.8,0.976
507,70.7976,0.8,0.904
508,71.193,0.9,0.908
509,71.1057,0.8,0.928
510,70.9267,0.8,0.928
511,71.2934,0.8,0.952
512,71.1168,0.7,0.928
513,71.225,0.8,0.94
514,70.7935,0.8,0.928
515,71.2193,0.9,0.956
516,71.113,0.8,0.94
517,71.2784,0.9,0.9
518,71.0991,0.8,0.896
519,70.9955,0.8,0.908
520,71.3479,0.6,0.94
521,71.0024,0.8,0.94
522,71.0494,0.9,0.932
523,71.2441,0.8,0.94
524,71.0301,0.9,0.932
525,71.2482,0.9,0.944
526,71.1258,1.0,0.96
527,71.1469,0.9,0.952
528,70.8912,0.8,0.908
529,71.1764,0.8,0.956
530,71.1134,0.8,0.94
531,70.9478,0.9,0.94
532,71.2043,0.7,0.924
533,71.4621,0.7,0.928
534,71.0303,0.8,0.964
535,71.0737,0.8,0.94
536,70.9926,0.8,0.948
537,71.0663,0.9,0.92
538,71.0205,0.9,0.964
539,71.1637,0.8,0.948
540,70.8824,0.9,0.908
541,71.2273,0.8,0.972
542,70.9131,1.0,0.912
543,70.9253,0.9,0.916
544,70.887,0.8,0.916
545,71.2123,1.0,0.96
546,70.9715,0.9,0.94
547,71.2098,0.8,0.952
548,71.1348,0.8,0.944
549,71.2872,0.7,0.924
550,71.1477,0.8,0.932
551,71.1638,0.8,0.956
552,70.9756,0.9,0.924
553,71.3206,0.8,0.932
554,71.1953,0.8,0.948
555,70.9835,0.9,0.896
556,71.0842,0.9,0.944
557,71.0444,0.8,0.944
558,71.1496,0.8,0.952
559,71.0165,0.9,0.928
560,71.121,0.8,0.968
561,70.8408,0.9,0.928
562,71.1932,0.8,0.892
563,71.0964,1.0,0.948
564,71.2175,0.8,0.972
565,71.3329,0.8,0.936
566,70.9042,0.9,0.944
567,71.3016,0.7,0.952
568,71.0482,0.9,0.928
569,71.1381,0.8,0.94
570,70.9905,0.9,0.952
571,71.2112,0.9,0.964
572,71.1633,0.7,0.936
573,71.1878,0.9,0.944
574,71.1215,0.7,0.956
575,71.0285,0.9,0.944
576,71.0757,0.7,0.948
577,71.3767,0.6,0.908
578,71.1289,0.9,0.948
579,71.0436,0.8,0.936
580,71.2229,0.7,0.908
581,71.1556,0.8,0.936
582,71.2732,0.7,0.952
583,71.1459,0.9,0.924
584,71.0339,0.8,0.952
585,71.0307,0.8,0.928
586,70.8319,0.9,0.916
587,71.2492,0.7,0.924
588,71.0691,0.9,0.96
589,70.9032,0.9,0.948
590,71.2462,0.7,0.956
591,71.0078,0.9,0.924
592,71.1403,0.7,0.92
593,70.8897,0.8,0.936
594,71.2449,0.8,0.944
595,70.8771,1.0,0.908
596,71.0609,0.9,0.944
597,71.1384,0.8,0.924
598,71.3316,0.8,0.936
599,70.9575,0.9,0.908
600,71.044,0.8,0.944
601,70.8433,0.9,0.92
602,71.0152,0.8,0.956
603,71.2045,0.8,0.888
604,71.0342,0.7,0.916
605,70.9613,1.0,0.908
606,71.0791,0.9,0.932
607,71.2209,0.8,0.932
608,70.961,0.9,0.952
609,71.4961,0.8,0.908
610,71.311,0.8,0.948
611,71.1807,0.9,0.964
612,71.118,0.8,0.948
613,71.0694,1.0,0.924
614,71.0127,0.9,0.936
615,71.1482,0.7,0.932
616,70.9744,0.9,0.932
617,70.9629,0.9,0.9
618,70.9447,0.9,0.948
619,70.986,0.8,0.92
620,71.0881,0.8,0.948
621,71.0428,0.7,0.932
622,71.2399,0.8,0.916
623,71.169,0.8,0.972
624,71.017,0.9,0.924
625,71.1629,0.9,0.92
626,70.7918,0.8,0.936
627,71.2735,0.8,0.948
628,71.0545,0.8,0.964
629,71.1583,0.7,0.964
630,71.0989,0.9,0.964
631,71.0687,0.8,0.944
632,71.1378,0.8,0.968
633,70.6893,0.8,0.904
634,71.0587,0.9,0.956
635,71.2118,0.7,0.96
636,71.0506,0.8,0.948
637,70.8492,0.9,0.952
638,71.051,0.8,0.96
639,71.2416,0.9,0.928
640,71.3225,0.8,0.96
641,71.3238,0.9,0.92
642,70.81,0.8,0.912
643,70.8149,0.8,0.928
644,71.1429,0.8,0.948
645,71.1564,0.9,0.96
646,71.2639,0.8,0.928
647,71.3652,0.7,0.96
648,71.1704,0.8,0.948
649,71.0547,1.0,0.976
650,71.3704,0.8,0.948
651,71.216,0.8,0.912
652,71.2686,0.8,0.956
653,70.9986,1.0,0.96
654,71.096,0.9,0.956
655,70.8205,0.8,0.92
656,71.3459,0.8,0.916
657,71.1091,0.9,0.968
658,70.9809,0.8,0.92
659,70.9703,0.9,0.928
660,70.9413,0.8,0.924
661,71.1625,1.0,0.948
662,71.0463,0.8,0.936
663,70.9802,0.9,0.928
664,71.1766,0.9,0.968
665,71.0751,0.9,0.948
666,71.0954,0.9,0.924
667,70.821,0.7,0.924
668,71.095,0.9,0.948
669,70.9204,1.0,0.924
670,71.1547,0.8,0.948
671,71.2627,0.8,0.944
672,71.2817,0.8,0.924
673,71.1916,0.8,0.936
674,71.1282,0.9,0.932
675,71.302,0.7,0.916
676,71.0596,0.9,0.916
677,70.9316,0.9,0.952
678,71.1984,0.8,0.896
679,71.2358,0.7,0.92
680,70.995,0.7,0.92
681,71.0575,0.9,0.94
682,70.9221,0.9,0.908
683,70.9375,0.8,0.952
684,71.2778,0.7,0.936
685,71.2251,0.7,0.96
686,71.0415,0.8,0.92
687,71.1032,0.8,0.952
688,71.1349,0.8,0.928
689,71.1007,0.9,0.96
690,71.1871,0.8,0.968
691,71.1856,0.8,0.972
692,71.0704,0.8,0.94
693,71.0974,0.9,0.884
694,70.9526,0.9,0.932
695,71.2517,0.7,0.976
696,71.0895,0.7,0.92
697,70.9924,0.8,0.904
698,71.1088,0.8,0.952
699,71.1853,0.9,0.92
700,71.0949,0.8,0.88
701,71.2381,0.8,0.944
702,71.0911,1.0,0.96
703,71.3716,0.8,0.924
704,71.2803,0.8,0.964
705,71.0699,0.9,0.928
706,71.2298,0.8,0.892
707,71.0331,0.8,0.948
708,70.9525,0.9,0.932
709,70.9282,0.8,0.9
710,70.9196,0.9,0.932
711,71.2779,0.9,0.928
712,71.3082,0.8,0.968
713,70.7988,0.8,0.908
714,70.8523,0.9,0.944
715,71.2126,0.6,0.904
716,71.0356,0.8,0.932
717,71.2861,0.6,0.888
718,71.1325,0.9,0.928
719,71.1939,0.8,0.932
720,71.1767,0.9,0.964
721,71.2438,0.8,0.96
722,71.0012,0.8,0.916
723,70.9524,0.9,0.94
724,71.092,1.0,0.952
725,71.1618,0.8,0.94
726,71.0472,0.7,0.916
727,71.3569,0.6,0.924
728,70.9957,1.0,0.936
729,71.1194,0.9,0.952
730,71.2447,0.8,0.936
731,70.9803,0.9,0.916
732,70.9888,1.0,0.928
733,71.0835,0.8,0.976
734,71.3101,0.8,0.96
735,71.2222,0.9,0.948
736,71.124,0.9,0.92
737,71.2092,0.8,0.904
738,70.9784,0.7,0.876
739,70.9758,0.8,0.952
740,70.8112,0.8,0.912
741,71.0846,1.0,0.964
742,70.9564,0.8,0.896
743,70.792,0.8,0.904
744,71.148,0.7,0.908
745,71.0768,0.8,0.948
746,71.1557,0.9,0.932
747,71.1678,0.9,0.94
748,71.2558,0.8,0.972
749,71.2279,0.8,0.928
750,71.2768,0.8,0.964
751,71.1931,0.8,0.96
752,70.968,0.8,0.932
753,71.2712,0.8,0.952
754,71.0739,0.9,0.944
755,71.1396,0.8,0.96
756,71.0784,0.9,0.956
757,71.2918,0.8,0.916
758,71.2564,0.8,0.944
759,71.2335,0.8,0.968
760,70.9665,1.0,0.936
761,71.1502,0.8,0.96
762,71.1635,0.6,0.932
763,71.0211,1.0,0.952
764,70.7874,0.8,0.924
765,71.1559,0.8,0.94
766,71.1567,0.8,0.944
767,71.1343,0.9,0.936
768,71.0301,0.8,0.932
769,71.0191,0.8,0.908
770,70.9199,0.6,0.864
771,70.841,0.7,0.88
772,71.2113,0.7,0.932
773,70.8289,0.8,0.932
774,71.0658,0.7,0.936
775,71.0354,0.9,0.956
776,71.4166,0.8,0.904
777,71.2501,0.9,0.964
778,70.9439,0.9,0.944
779,71.0153,0.7,0.924
780,71.0861,0.8,0.94
781,71.2477,0.8,0.932
782,71.2392,0.8,0.948
783,71.3634,0.7,0.936
784,71.0254,1.0,0.952
785,71.0541,0.9,0.92
786,71.0808,0.9,0.964
787,71.1073,0.8,0.952
788,70.9365,1.0,0.908
789,70.982,0.9,0.952
790,71.1077,0.7,0.952
791,71.2705,0.8,0.952
792,71.2823,0.8,0.9
793,71.1772,0.8,0.96
794,70.8757,0.9,0.896
795,70.914,0.9,0.916
796,71.2451,0.9,0.936
797,71.0219,0.9,0.968
798,70.8621,0.9,0.928
799,70.7432,0.8,0.916
800,70.9484,0.8,0.932
801,71.2296,0.8,0.936
802,71.0597,0.9,0.936
803,70.9621,0.7,0.888
804,71.2389,0.9,0.928
805,71.2995,0.8,0.976
806,71.2169,0.9,0.924
807,71.2306,0.7,0.976
808,71.3098,0.7,0.936
809,70.9089,0.9,0.92
810,71.1774,0.9,0.968
811,71.057,0.8,0.928
812,71.0489,0.8,0.936
813,71.0895,0.8,0.936
814,71.1099,0.8,0.924
815,71.2607,0.8,0.904
816,71.0043,0.9,0.916
817,71.1984,0.7,0.908
818,71.1449,0.7,0.924
819,71.388,0.8,0.916
820,71.2839,0.7,0.964
821,71.0812,0.9,0.932
822,71.0135,0.8,0.944
823,71.3379,0.7,0.932
824,71.1102,0.8,0.952
825,70.6934,0.8,0.9
826,71.061,0.8,0.944
827,71.1598,0.9,0.944
828,71.0906,0.8,0.956
829,70.7808,0.7,0.9
830,70.9469,0.8,0.928
831,70.9229,0.9,0.968
832,71.0807,0.9,0.94
833,71.0729,0.9,0.924
834,71.0308,0.9,0.964
835,71.369,0.9,0.952
836,71.0221,0.7,0.9
837,71.0555,0.8,0.92
838,71.3335,0.8,0.92
839,71.3207,0.8,0.92
840,70.937,0.9,0.96
841,70.9961,0.9,0.9
842,71.3637,0.7,0.924
843,71.1708,0.7,0.908
844,71.0346,0.8,0.944
845,71.0952,0.9,0.94
846,71.4587,0.8,0.904
847,71.0669,1.0,0.948
848,71.2824,0.7,0.952
849,71.0947,0.9,0.96
850,70.9868,0.8,0.948
851,71.1711,0.8,0.956
852,70.9754,0.9,0.952
853,71.1752,0.7,0.94
854,71.068,0.7,0.956
855,70.9969,0.8,0.932
856,71.1537,0.8,0.904
857,71.0376,0.8,0.924
858,70.9949,0.7,0.928
859,71.1248,0.9,0.952
860,71.008,0.8,0.928
861,70.9888,0.8,0.932
862,70.9666,0.9,0.932
863,71.1933,0.8,0.912
864,70.6657,0.8,0.908
865,71.2993,0.8,0.964
866,71.3321,0.8,0.948
867,71.252,0.8,0.94
868,71.1576,0.8,0.936
869,71.1601,0.9,0.936
870,71.0623,0.9,0.96
871,71.1605,0.8,0.972
872,70.9224,0.9,0.948
873,71.0051,0.9,0.932
874,71.0249,0.8,0.936
875,71.1436,0.8,0.944
876,71.1586,0.7,0.948
877,71.0982,0.8,0.952
878,71.1833,1.0,0.932
879,71.1949,0.8,0.952
880,71.1963,0.8,0.972
881,71.1443,0.8,0.968
882,71.0254,1.0,0.932
883,71.1648,0.7,0.936
884,71.0393,0.9,0.94
885,70.8591,0.7,0.92
886,70.9412,0.9,0.936
887,70.8418,0.8,0.912
888,71.1529,0.8,0.944
889,71.3892,0.8,0.952
890,71.0943,0.9,0.94
891,70.8589,0.8,0.884
892,71.0615,0.7,0.968
893,71.0418,1.0,0.944
894,71.1412,0.9,0.932
895,71.1642,0.9,0.932
896,71.0487,0.8,0.928
897,71.0068,0.8,0.944
898,71.1994,0.8,0.952
899,71.1424,0.7,0.952
900,70.9871,0.8,0.944
901,71.0339,0.9,0.952
902,71.0288,0.9,0.932
903,70.9715,0.9,0.948
904,71.0312,0.9,0.956
905,71.1569,1.0,0.972
906,71.1403,0.9,0.964
907,71.1142,0.7,0.94
908,71.0415,0.9,0.944
909,70.9229,0.9,0.916
910,71.1249,0.8,0.952
911,71.0831,0.9,0.98
912,71.1792,0.8,0.944
913,71.3739,0.8,0.936
914,71.0531,0.9,0.944
915,71.0608,0.8,0.932
916,71.2174,0.8,0.936
917,71.1147,0.9,0.92
918,71.2056,0.9,0.944
919,70.9677,0.9,0.92
920,71.0041,0.8,0.948
921,70.988,0.9,0.944
922,70.8907,0.7,0.912
923,71.0699,0.9,0.96
924,71.083,0.8,0.928
925,70.9409,0.7,0.928
926,71.139,0.8,0.94
927,71.0147,0.8,0.952
928,71.294,0.6,0.94
929,71.1023,0.8,0.94
930,71.1566,0.9,0.936
931,71.3052,0.6,0.904
932,71.1785,0.7,0.96
933,70.9419,0.8,0.912
934,71.2059,0.7,0.948
935,71.3401,0.8,0.936
936,70.9199,0.9,0.944
937,71.1694,0.8,0.96
938,71.1279,0.8,0.952
939,71.121,0.9,0.968
940,70.932,0.8,0.88
941,70.9688,0.7,0.892
942,71.2139,0.7,0.928
943,71.1584,0.8,0.956
944,71.0568,0.8,0.96
945,70.9359,0.8,0.924
946,70.8216,0.8,0.92
947,71.2478,0.8,0.912
948,71.1504,0.9,0.96
949,71.2766,0.8,0.948
950,71.0239,0.8,0.948
951,71.0639,0.9,0.964
952,71.219,0.9,0.948
953,71.0036,0.8,0.92
954,70.9403,0.8,0.94
955,70.9661,0.7,0.928
956,70.8756,0.9,0.904
957,71.2318,0.7,0.96
958,71.0226,0.9,0.928
959,71.2447,0.8,0.96
960,71.0391,0.7,0.936
961,71.1067,0.8,0.928
962,71.1933,0.9,0.948
963,71.0628,1.0,0.96
964,70.918,0.9,0.896
965,70.8977,0.9,0.936
966,71.0212,0.7,0.952
967,71.412,0.8,0.92
968,71.1637,1.0,0.98
969,71.2384,0.9,0.944
970,70.9044,0.8,0.924
971,70.9904,0.8,0.924
972,70.8263,0.8,0.944
973,70.8202,0.8,0.928
974,71.1332,0.9,0.968
975,71.0549,0.8,0.908
976,71.1227,0.8,0.96
977,71.1112,0.7,0.944
978,71.2406,0.7,0.976
979,71.1752,0.9,0.952
980,71.0499,0.8,0.944
981,71.0464,0.9,0.92
982,70.9256,0.8,0.916
983,71.269,0.8,0.972
984,71.2366,0.8,0.912
985,71.1246,0.9,0.968
986,71.1434,0.8,0.952
987,71.0152,0.7,0.936
988,70.9503,0.9,0.924
989,71.1696,0.8,0.968
990,71.0701,1.0,0.952
991,71.1705,0.8,0.92
992,71.1976,0.9,0.92
993,71.2183,0.8,0.94
994,71.0944,0.9,0.972
995,70.9541,0.8,0.952
996,70.9255,0.9,0.88
997,71.0771,0.8,0.896
998,70.9227,0.8,0.916
999,70.8425,0.7,0.936
1000,70.8787,0.7,0.916
1001,71.0916,0.8,0.936
1002,71.0563,0.9,0.948
1003,71.1103,0.9,0.928
1004,71.2856,0.8,0.968
1005,70.9836,1.0,0.92
1006,71.1452,0.8,0.888
1007,71.0551,0.9,0.928
1008,71.2891,0.7,0.932
1009,71.0293,0.8,0.936
1010,71.2891,0.8,0.96
1011,71.1418,0.9,0.968
1012,71.3993,0.8,0.928
1013,71.1856,0.8,0.968
1014,71.17,0.8,0.956
1015,71.2278,0.8,0.98
1016,71.223,0.8,0.936
1017,71.0846,0.9,0.948
1018,71.3144,0.7,0.96
1019,71.3148,0.8,0.96
1020,70.9106,0.8,0.904
1021,71.0185,0.9,0.936
1022,71.4057,0.7,0.904
1023,70.9495,0.8,0.94
1024,70.9402,0.9,0.94
1025,70.9485,0.7,0.916
1026,70.9409,0.9,0.928
1027,71.1324,0.8,0.948
1028,71.0054,0.7,0.916
1029,71.1437,0.6,0.944
1030,71.2579,0.8,0.932
1031,71.0899,0.7,0.92
1032,71.0363,1.0,0.948
1033,71.185,0.8,0.932
1034,71.3519,0.8,0.928
1035,71.2503,0.7,0.94
1036,71.1354,0.9,0.928
1037,71.3073,0.7,0.904
1038,71.0932,0.9,0.948
1039,70.864,0.7,0.9
1040,70.9344,0.8,0.912
1041,70.7981,0.8,0.92
1042,70.9322,0.8,0.932
1043,71.1011,0.8,0.936
1044,71.2588,0.8,0.96
1045,70.8518,0.8,0.92
1046,71.1016,0.8,0.932
1047,71.2651,0.7,0.948
1048,71.2592,0.8,0.968
1049,71.0707,0.8,0.956
1050,71.2641,0.9,0.956
1051,71.063,0.8,0.936
1052,71.0894,0.8,0.972
1053,71.204,0.7,0.96
1054,71.1286,1.0,0.976
1055,71.1712,0.8,0.944
1056,71.055,0.7,0.916
1057,70.7927,0.8,0.916
1058,71.0316,0.9,0.968
1059,70.9947,0.9,0.94
1060,71.2948,0.8,0.964
1061,71.0508,0.9,0.968
1062,71.1033,0.8,0.944
1063,71.1712,0.8,0.932
1064,70.8448,0.7,0.928
1065,71.2827,0.8,0.9
1066,71.2702,0.8,0.936
1067,71.2333,0.8,0.94
1068,71.1379,0.8,0.94
1069,71.1478,0.8,0.968
1070,71.0615,1.0,0.944
1071,71.1642,0.8,0.96
1072,71.2114,0.8,0.944
1073,70.9334,0.9,0.924
1074,71.2312,0.9,0.928
1075,71.0889,0.8,0.944
1076,70.8651,0.8,0.92
1077,71.1007,0.9,0.98
1078,71.2706,0.8,0.94
1079,70.7532,0.7,0.908
1080,71.2274,0.8,0.936
1081,71.0517,0.9,0.892
1082,71.1693,0.8,0.948
1083,71.1616,0.8,0.936
1084,70.9223,0.7,0.896
1085,71.3122,0.7,0.944
1086,70.988,0.8,0.944
1087,71.1542,1.0,0.948
1088,71.0965,0.7,0.936
1089,71.1666,0.8,0.972
1090,70.8497,0.9,0.888
1091,70.933,0.9,0.932
1092,71.0956,0.8,0.948
1093,71.01,0.9,0.944
1094,71.1599,0.9,0.948
1095,70.9957,0.8,0.936
1096,70.9765,0.8,0.908
1097,71.1254,0.9,0.94
1098,70.8649,0.9,0.916
1099,71.0198,0.8,0.936
1100,71.3679,0.8,0.956
1101,71.2782,0.8,0.94
1102,71.1698,0.8,0.96
1103,70.8105,0.8,0.94
1104,71.3727,0.7,0.936
1105,71.1423,0.8,0.952
1106,71.0069,0.9,0.956
1107,70.9934,0.8,0.932
1108,71.3759,0.9,0.9
1109,71.1045,0.7,0.964
1110,70.9591,0.9,0.932
1111,71.1847,0.9,0.932
1112,71.1933,0.9,0.952
1113,70.9054,0.9,0.944
1114,71.1526,1.0,0.956
1115,71.0134,0.9,0.96
1116,71.1413,0.8,0.944
1117,71.2612,0.8,0.892
1118,71.0691,0.8,0.936
1119,70.7319,0.8,0.916
1120,70.9905,0.9,0.908
1121,71.2182,1.0,0.952
1122,70.9645,1.0,0.944
1123,71.4553,0.8,0.916
1124,71.086,0.9,0.948
1125,71.1781,0.8,0.96
1126,71.2585,0.9,0.932
1127,70.8377,0.9,0.908
1128,71.0008,0.9,0.964
1129,70.9752,0.9,0.94
1130,71.0451,0.8,0.94
1131,71.084,1.0,0.972
1132,70.9765,0.9,0.968
1133,70.9791,0.8,0.932
1134,71.0972,0.7,0.924
1135,71.025,0.6,0.928
1136,70.9121,0.8,0.916
1137,71.0095,0.8,0.932
1138,71.0464,0.7,0.936
1139,71.3086,0.8,0.944
1140,71.0909,0.9,0.924
1141,70.6807,0.8,0.88
1142,71.1954,0.9,0.924
1143,71.1738,0.9,0.952
1144,71.2329,0.8,0.952
1145,71.1145,0.8,0.928
1146,71.0581,0.8,0.952
1147,71.1187,0.8,0.964
1148,71.2203,0.7,0.888
1149,70.9476,0.8,0.96
1150,70.8235,0.8,0.916
1151,71.0275,0.9,0.904
1152,70.9649,0.9,0.896
1153,71.0139,0.9,0.92
1154,71.0172,0.8,0.932
1155,71.073,0.9,0.964
1156,71.1038,0.9,0.928
1157,70.9522,0.8,0.92
1158,71.2516,0.8,0.944
1159,71.0054,0.7,0.9
1160,71.0672,0.7,0.92
1161,71.2806,0.7,0.952
1162,71.0592,0.9,0.972
1163,71.1728,1.0,0.956
1164,71.2848,0.8,0.896
1165,71.0994,0.8,0.928
1166,71.1513,0.7,0.912
1167,71.1778,0.8,0.924
1168,71.1361,0.8,0.96
1169,71.0391,1.0,0.98
1170,70.9021,0.9,0.932
1171,71.1092,0.9,0.964
1172,71.2257,0.8,0.952
1173,71.2799,0.7,0.956
1174,70.9966,0.8,0.932
1175,71.2716,0.9,0.956
1176,70.8145,0.8,0.896
1177,71.247,0.9,0.928
1178,70.8604,0.9,0.916
1179,71.3214,0.7,0.952
1180,71.3185,0.7,0.924
1181,70.9748,0.9,0.928
1182,71.0076,0.8,0.948
1183,71.0522,0.9,0.94
1184,70.8669,0.9,0.912
1185,71.1312,0.8,0.924
1186,71.3391,0.8,0.932
1187,70.7572,0.8,0.888
1188,71.1452,0.9,0.968
1189,71.0783,0.8,0.952
1190,70.9881,0.8,0.92
1191,71.1315,0.7,0.916
1192,71.1054,1.0,0.968
1193,70.9708,0.8,0.944
1194,70.8644,0.8,0.904
1195,71.1455,0.8,0.936
1196,71.1594,0.8,0.98
1197,70.9859,0.8,0.92
1198,71.2695,0.7,0.892
1199,71.1498,0.8,0.944
1200,71.1247,0.8,0.956
1201,71.2191,0.7,0.92
1202,71.1229,0.8,0.924
1203,71.1053,0.9,0.948
1204,71.0632,0.8,0.936
1205,70.957,0.8,0.936
1206,70.884,0.9,0.908
1207,70.9771,0.9,0.96
1208,71.1992,0.9,0.936
1209,70.928,0.9,0.928
1210,71.1443,0.9,0.944
1211,70.9105,0.8,0.94
1212,70.8586,0.8,0.908
1213,70.9222,0.9,0.932
1214,71.0875,0.9,0.948
1215,71.2202,0.8,0.976
1216,71.2575,0.7,0.96
1217,71.1831,0.7,0.944
1218,71.1358,0.7,0.9
1219,71.3533,0.7,0.936
1220,70.98,0.9,0.956
1221,70.8368,0.6,0.888
1222,71.2398,0.9,0.94
1223,71.121,0.7,0.928
1224,71.104,0.9,0.956
1225,70.8934,0.9,0.936
1226,71.2739,0.7,0.936
1227,71.1753,0.8,0.956
1228,71.3605,0.7,0.948
1229,70.9746,0.9,0.908
1230,71.2214,0.9,0.96
1231,70.9011,0.9,0.944
1232,71.2541,0.8,0.96
1233,71.2004,0.8,0.92
1234,71.0696,0.9,0.964
1235,71.1965,0.8,0.952
1236,70.8479,0.8,0.908
1237,71.0634,0.8,0.904
1238,71.1403,0.9,0.968
1239,70.9639,0.7,0.876
1240,70.7982,0.8,0.908
1241,71.2117,0.9,0.908
1242,71.3512,0.8,0.896
1243,71.1586,0.7,0.956
1244,71.0928,0.8,0.948
1245,71.0377,0.9,0.952
1246,71.0592,0.8,0.94
1247,71.0214,0.9,0.944
1248,71.1821,0.7,0.952
1249,70.9974,0.8,0.924
1250,71.1098,0.9,0.972
1251,71.2203,0.8,0.968
1252,71.0758,1.0,0.972
1253,71.0625,0.8,0.916
1254,71.1074,0.8,0.952
1255,71.1615,0.8,0.968
1256,71.1074,0.8,0.964
1257,71.3247,0.8,0.948
1258,71.0466,1.0,0.98
1259,71.1916,0.7,0.936
1260,71.1151,0.7,0.936
1261,71.2005,0.7,0.908
1262,71.1254,0.8,0.912
1263,71.1862,0.9,0.948
1264,71.1587,0.9,0.952
1265,71.2915,0.7,0.932
1266,71.1088,0.8,0.944
1267,71.1718,0.8,0.972
1268,70.9038,0.8,0.916
1269,71.0209,0.9,0.968
1270,71.3023,0.8,0.96
1271,70.9479,0.9,0.94
1272,71.0748,0.8,0.936
1273,71.3277,0.7,0.956
1274,71.1735,1.0,0.972
1275,71.1448,0.9,0.952
1276,71.2853,0.9,0.944
1277,71.0201,0.8,0.94
1278,71.3148,0.8,0.928
1279,71.1212,0.7,0.904
1280,71.2547,0.8,0.972
1281,71.0835,1.0,0.928
1282,71.1024,0.9,0.976
1283,71.0751,0.9,0.948
1284,71.3116,0.8,0.92
1285,70.8173,0.8,0.916
1286,71.0832,0.8,0.912
1287,71.3084,0.8,0.944
1288,71.1411,1.0,0.972
1289,71.0629,1.0,0.96
1290,71.0689,0.9,0.944
1291,71.1086,0.9,0.972
1292,71.1045,0.9,0.928
1293,70.9803,0.7,0.936
1294,71.0944,0.8,0.932
1295,71.1093,1.0,0.98
1296,70.9583,0.8,0.896
1297,70.8914,0.9,0.952
1298,71.1813,0.8,0.952
1299,71.0694,0.9,0.952
1300,71.2235,0.8,0.928
1301,71.1438,0.9,0.976
1302,70.978,0.9,0.928
1303,70.8357,0.8,0.924
1304,71.2244,0.8,0.936
1305,71.0592,0.9,0.976
1306,71.2614,0.8,0.952
1307,71.0357,1.0,0.956
1308,71.3032,0.8,0.944
1309,70.9899,0.8,0.932
1310,71.2407,0.7,0.944
1311,70.9808,0.8,0.94
1312,71.2905,0.7,0.944
1313,71.0046,0.8,0.892
1314,71.0883,0.9,0.924
1315,71.1785,0.8,0.972
1316,71.0327,0.9,0.948
1317,71.3685,0.8,0.932
1318,71.1629,0.8,0.952
1319,71.2844,0.7,0.948
1320,70.805,0.8,0.916
1321,71.118,0.8,0.92
1322,71.1433,1.0,0.976
1323,71.1931,0.8,0.956
1324,71.0783,0.8,0.88
1325,71.0491,0.8,0.904
1326,70.8239,0.7,0.908
1327,71.0639,1.0,0.944
1328,71.1327,0.9,0.948
1329,70.9978,0.9,0.94
1330,71.2471,0.7,0.932
1331,70.9698,0.9,0.94
1332,71.134,0.9,0.96
1333,71.1415,0.9,0.944
1334,71.045,0.8,0.956
1335,71.4181,0.8,0.904
1336,71.023,0.7,0.924
1337,71.1077,0.8,0.964
1338,70.9897,0.8,0.944
1339,71.0984,0.9,0.916
1340,71.4052,0.8,0.924
1341,71.3442,0.8,0.904
1342,70.9284,0.9,0.908
1343,70.8317,0.9,0.904
1344,71.0957,0.6,0.916
1345,70.9231,0.9,0.912
1346,70.8743,0.8,0.944
1347,71.014,0.7,0.924
1348,70.7938,0.7,0.904
1349,71.2129,0.8,0.912
1350,70.886,0.8,0.904
1351,71.1454,0.9,0.944
1352,71.1253,0.8,0.936
1353,71.0301,0.8,0.924
1354,71.3052,0.8,0.928
1355,71.0615,0.8,0.912
1356,70.9904,0.9,0.924
1357,71.1876,0.6,0.94
1358,71.1899,0.8,0.92
1359,71.1984,0.9,0.968
1360,71.1638,0.9,0.964
1361,71.1923,0.8,0.936
1362,71.1759,0.9,0.968
1363,71.0305,0.8,0.94
1364,71.1654,0.9,0.952
1365,71.2289,0.9,0.916
1366,70.7896,0.8,0.888
1367,70.7474,0.8,0.912
1368,71.2101,0.6,0.932
1369,71.263,0.9,0.948
1370,71.0551,0.9,0.944
1371,71.1714,1.0,0.952
1372,71.2276,0.8,0.948
1373,71.2346,0.8,0.932
1374,71.0541,0.8,0.936
1375,70.9868,0.8,0.908
1376,71.0848,0.8,0.976
1377,71.0662,0.7,0.916
1378,70.9978,1.0,0.936
1379,71.05,0.8,0.948
1380,71.1786,0.8,0.964
1381,71.297,0.7,0.912
1382,71.1618,0.9,0.952
1383,71.2594,0.8,0.952
1384,71.2746,0.9,0.94
1385,71.0736,1.0,0.964
1386,71.1164,0.8,0.948
1387,71.1406,0.8,0.956
1388,70.82,0.8,0.928
1389,71.3057,0.8,0.948
1390,70.9773,0.9,0.932
1391,71.0831,0.8,0.92
1392,71.109,1.0,0.964
1393,71.0375,1.0,0.948
1394,71.0517,1.0,0.96
1395,71.2132,0.9,0.952
1396,71.0481,0.9,0.932
1397,71.0664,0.8,0.964
1398,70.9366,0.8,0.924
1399,70.7174,0.8,0.892
1400,71.1521,0.7,0.924
1401,71.1065,0.9,0.952
1402,71.3333,0.9,0.964
1403,70.9995,0.9,0.944
1404,70.8813,1.0,0.908
1405,71.3166,0.8,0.928
1406,71.0089,0.9,0.948
1407,70.929,0.9,0.92
1408,71.1197,0.8,0.972
1409,71.1119,0.9,0.952
1410,71.103,0.9,0.896
1411,70.8841,0.8,0.936
1412,70.9817,0.9,0.94
1413,71.1259,0.8,0.944
1414,71.1625,0.8,0.92
1415,70.7986,0.7,0.908
1416,70.9506,0.8,0.928
1417,71.049,0.9,0.956
1418,70.9326,0.8,0.908
1419,71.0403,0.9,0.924
1420,71.0567,0.9,0.952
1421,70.965,0.9,0.932
1422,71.1587,1.0,0.936
1423,71.3231,0.7,0.94
1424,70.9698,0.8,0.928
1425,71.0629,0.8,0.916
1426,71.1989,0.8,0.976
1427,71.0402,0.9,0.976
1428,71.2324,0.8,0.964
1429,70.964,0.8,0.952
1430,71.1421,0.8,0.936
1431,71.2646,0.8,0.912
1432,70.8808,0.8,0.928
1433,71.0662,0.9,0.956
1434,71.1475,0.8,0.96
1435,71.3396,0.8,0.928
1436,70.9642,0.9,0.964
1437,71.0844,0.9,0.92
1438,71.0714,0.9,0.948
1439,71.1904,0.9,0.952
1440,71.3608,0.7,0.928
1441,70.9779,0.9,0.928
1442,70.9191,0.9,0.892
1443,71.2596,0.9,0.968
1444,71.2775,0.8,0.916
1445,71.1794,0.7,0.936
1446,70.9888,0.8,0.94
1447,70.9473,1.0,0.924
1448,71.0708,0.7,0.94
1449,71.2676,0.7,0.96
1450,71.1897,0.9,0.956
1451,71.2496,0.8,0.96
1452,71.0929,0.9,0.928
1453,71.0282,0.9,0.956
1454,71.2564,0.8,0.96
1455,71.1683,0.7,0.952
1456,71.1227,0.8,0.924
1457,71.3394,0.7,0.868
1458,71.1362,1.0,0.972
1459,71.1891,0.8,0.956
1460,70.9351,0.8,0.928
1461,70.8355,0.8,0.936
1462,70.9251,0.8,0.956
1463,70.9066,0.9,0.936
1464,71.2446,0.8,0.932
1465,70.9342,0.7,0.924
1466,71.1298,0.8,0.948
1467,71.1369,0.8,0.952
1468,71.0765,0.9,0.972
1469,71.3159,0.6,0.928
1470,70.8756,1.0,0.916
1471,70.9151,0.9,0.932
1472,71.0631,0.9,0.916
1473,71.209,0.8,0.924
1474,70.7874,0.9,0.924
1475,71.1776,0.8,0.964
1476,71.2695,0.6,0.912
1477,71.1613,0.8,0.96
1478,71.2771,0.7,0.948
1479,71.0791,0.8,0.964
1480,71.112,0.8,0.916
1481,71.068,1.0,0.98
1482,70.9711,0.7,0.92
1483,71.1622,0.8,0.936
1484,70.9431,0.9,0.936
1485,70.9892,1.0,0.96
1486,71.0539,1.0,0.956
1487,70.9,0.9,0.932
1488,71.0101,0.8,0.932
1489,71.2253,0.9,0.94
1490,71.2552,0.7,0.944
1491,71.3737,0.8,0.932
1492,71.0215,0.9,0.88
1493,71.2227,0.9,0.92
1494,71.06,0.9,0.952
1495,71.3879,0.8,0.916
1496,70.943,0.8,0.94
1497,71.3211,0.9,0.94
1498,71.2107,0.8,0.952
1499,70.9975,0.8,0.924
1500,71.0049,0.8,0.928
1501,71.232,0.8,0.936
1502,71.287,0.8,0.94
1503,70.7598,0.8,0.916
1504,70.9504,0.8,0.896
1505,71.1348,0.8,0.94
1506,70.8816,0.9,0.892
1507,70.9728,0.8,0.928
1508,71.1983,0.9,0.932
1509,70.8568,0.8,0.912
1510,71.0283,0.9,0.936
1511,71.0791,0.8,0.944
1512,71.1597,0.8,0.964
1513,71.4075,0.7,0.916
1514,71.0652,0.9,0.932
1515,71.2285,0.8,0.956
1516,71.0044,0.9,0.928
1517,71.3331,0.8,0.952
1518,71.1765,0.8,0.928
1519,71.005,1.0,0.968
1520,71.0471,0.8,0.948
1521,70.9745,1.0,0.948
1522,71.1447,0.8,0.952
1523,70.9334,1.0,0.928
1524,71.2438,0.8,0.956
1525,71.0278,0.8,0.924
1526,70.9984,0.9,0.924
1527,71.0449,0.8,0.944
1528,71.1393,0.8,0.908
1529,71.0682,1.0,0.968
1530,70.9374,1.0,0.92
1531,71.0271,0.8,0.924
1532,71.069,1.0,0.952
1533,71.0617,0.9,0.932
1534,70.9378,1.0,0.908
1535,71.1995,0.8,0.924
1536,70.8703,0.9,0.924
1537,71.2916,0.8,0.968
1538,71.188,0.9,0.944
1539,71.5003,0.7,0.876
1540,70.962,0.9,0.96
1541,71.1711,1.0,0.952
1542,71.3408,0.8,0.936
1543,71.4507,0.8,0.888
1544,70.7717,0.8,0.94
1545,70.9645,0.8,0.916
1546,71.0111,1.0,0.968
1547,70.9408,0.9,0.936
1548,70.9477,0.8,0.936
1549,70.927,1.0,0.948
1550,70.9656,0.9,0.936
1551,70.9548,0.8,0.94
1552,71.0572,0.9,0.94
1553,71.066,1.0,0.952
1554,71.1592,0.8,0.908
1555,71.1205,0.8,0.956
1556,71.1044,0.8,0.948
1557,71.3266,0.8,0.924
1558,71.2143,0.8,0.928
1559,71.1137,0.9,0.936
1560,71.2409,0.9,0.944
1561,71.3262,0.6,0.904
1562,71.053,1.0,0.964
1563,70.9397,1.0,0.928
1564,71.2333,0.8,0.944
1565,70.993,0.7,0.936
1566,71.1279,0.8,0.932
1567,71.1065,0.8,0.928
1568,70.9935,0.6,0.924
1569,71.0481,0.8,0.944
1570,71.0517,0.8,0.908
1571,70.978,0.8,0.96
1572,70.7218,0.8,0.892
1573,71.3391,0.6,0.936
1574,71.0234,1.0,0.924
1575,71.0642,0.9,0.94
1576,71.1004,1.0,0.964
1577,70.9294,0.9,0.896
1578,71.2471,0.9,0.944
1579,71.1757,0.8,0.924
1580,71.2657,0.8,0.956
1581,71.0974,0.9,0.956
1582,70.8657,0.9,0.904
1583,71.0319,0.8,0.924
1584,71.0938,0.9,0.932
1585,71.1486,1.0,0.972
1586,71.2773,0.8,0.964
1587,71.1366,0.8,0.964
1588,71.1782,0.8,0.94
1589,71.0932,0.9,0.928
1590,71.1049,1.0,0.968
1591,71.0053,0.9,0.94
1592,71.3517,0.8,0.936
1593,70.896,0.9,0.924
1594,71.2351,0.8,0.948
1595,70.913,0.8,0.924
1596,71.146,0.8,0.956
1597,71.1182,0.8,0.968
1598,71.3609,0.8,0.94
1599,71.0913,0.9,0.924
1600,71.2083,0.9,0.92
1601,71.4037,0.8,0.896
1602,71.1996,0.8,0.984
1603,70.958,0.8,0.952
1604,71.2144,1.0,0.94
1605,71.1445,0.9,0.916
1606,70.8955,0.9,0.936
1607,71.1033,0.8,0.948
1608,71.2316,0.9,0.92
1609,71.0455,0.9,0.96
1610,71.1132,0.9,0.964
1611,71.2937,0.7,0.904
1612,71.0033,0.8,0.932
1613,71.0678,0.7,0.928
1614,70.9762,0.9,0.972
1615,71.2729,0.8,0.932
1616,70.8978,0.9,0.944
1617,70.7426,0.8,0.908
1618,71.1423,1.0,0.968
1619,71.1485,0.9,0.964
1620,71.1925,0.7,0.956
1621,71.054,0.9,0.976
1622,71.2823,0.8,0.924
1623,70.7797,0.8,0.916
1624,71.1589,0.9,0.932
1625,71.205,0.7,0.952
1626,71.0735,1.0,0.964
1627,70.9197,0.7,0.912
1628,71.1969,0.7,0.932
1629,71.0169,0.7,0.88
1630,71.0138,0.9,0.928
1631,71.1876,0.9,0.964
1632,71.2238,0.8,0.956
1633,71.1428,1.0,0.956
1634,71.4015,0.8,0.94
1635,70.8393,0.9,0.932
1636,71.2218,0.8,0.948
1637,71.4104,0.7,0.912
1638,71.2338,0.7,0.936
1639,71.0008,0.9,0.884
1640,71.0043,0.9,0.932
1641,71.1333,0.8,0.904
1642,71.1507,0.9,0.972
1643,71.0295,0.9,0.94
1644,70.9016,0.8,0.916
1645,71.3266,0.8,0.948
1646,71.1721,0.9,0.96
1647,71.254,0.9,0.928
1648,71.1143,0.9,0.944
1649,71.0405,0.9,0.936
1650,71.1126,0.8,0.944
1651,71.1379,0.8,0.912
1652,71.2188,0.8,0.936
1653,71.1215,0.8,0.972
1654,71.3069,0.7,0.948
1655,71.0681,0.8,0.944
1656,71.0907,0.9,0.968
1657,71.2506,0.9,0.928
1658,71.0515,0.8,0.884
1659,71.4801,0.7,0.896
1660,71.3576,0.8,0.956
1661,70.963,0.9,0.968
1662,70.909,0.9,0.928
1663,70.8832,0.8,0.9
1664,71.0967,0.8,0.948
1665,71.1334,0.7,0.948
1666,70.9579,0.7,0.9
1667,71.144,0.9,0.932
1668,70.986,0.8,0.944
1669,71.0219,0.8,0.94
1670,71.1762,0.8,0.932
1671,71.0756,1.0,0.944
1672,70.9635,0.9,0.948
1673,71.192,0.9,0.916
1674,71.0151,0.8,0.908
1675,71.1706,0.8,0.956
1676,71.0926,0.7,0.94
1677,71.1897,0.8,0.944
1678,71.0756,0.7,0.948
1679,70.9047,0.7,0.884
1680,71.1354,0.8,0.96
1681,70.8874,0.9,0.948
1682,71.2179,0.8,0.952
1683,70.912,0.7,0.888
1684,71.3008,0.8,0.912
1685,70.9003,0.9,0.932
1686,71.0041,0.9,0.944
1687,71.2882,0.9,0.896
1688,71.0571,0.8,0.948
1689,71.2741,0.9,0.936
1690,70.9267,0.9,0.952
1691,71.1022,0.8,0.92
1692,71.0999,0.8,0.972
1693,70.8745,0.9,0.928
1694,71.0738,0.9,0.968
1695,71.1919,0.8,0.964
1696,70.9668,0.8,0.936
1697,71.136,0.9,0.948
1698,70.6968,0.8,0.908
1699,71.0768,0.8,0.92
1700,71.0123,0.8,0.932
1701,71.2577,0.6,0.948
1702,71.0927,1.0,0.936
1703,71.201,0.9,0.968
1704,70.957,0.9,0.968
1705,71.2892,0.8,0.936
1706,71.2835,0.9,0.944
1707,71.0738,0.9,0.936
1708,71.3769,0.8,0.896
1709,71.0753,0.9,0.936
1710,70.9118,0.8,0.888
1711,71.4562,0.8,0.9
1712,70.9242,0.9,0.944
1713,71.0216,0.8,0.908
1714,71.0908,0.9,0.916
1715,71.2277,0.9,0.964
1716,71.2674,0.7,0.936
1717,71.1811,0.7,0.924
1718,71.0119,1.0,0.968
1719,71.0517,0.8,0.948
1720,70.8955,0.8,0.904
1721,71.3442,0.8,0.94
1722,71.2932,0.8,0.928
1723,71.1471,0.9,0.948
1724,71.1138,0.7,0.932
1725,71.2313,0.7,0.956
1726,70.9082,0.9,0.936
1727,71.0529,0.9,0.928
1728,70.9495,0.9,0.904
1729,71.0525,0.8,0.948
1730,70.9467,0.9,0.936
1731,71.1891,0.8,0.952
1732,71.0444,1.0,0.96
1733,71.237,0.8,0.932
1734,71.2455,0.7,0.956
1735,71.1065,0.9,0.944
1736,71.1437,0.7,0.952
1737,71.0396,1.0,0.956
1738,71.1919,0.8,0.964
1739,71.1083,0.8,0.936
1740,71.1439,0.8,0.908
1741,71.1548,0.8,0.964
1742,71.0608,0.7,0.944
1743,71.1483,0.8,0.96
1744,70.9792,0.9,0.936
1745,71.0897,0.9,0.976
1746,71.2261,0.8,0.952
1747,71.0417,0.9,0.956
1748,71.2605,0.6,0.944
1749,71.1302,0.7,0.904
1750,71.0782,1.0,0.952
1751,70.9725,0.8,0.904
1752,71.2314,0.8,0.976
1753,70.9799,0.8,0.932
1754,71.193,0.8,0.956
1755,70.9866,0.8,0.944
1756,70.9207,0.8,0.924
1757,71.3007,0.8,0.896
1758,70.9375,1.0,0.932
1759,71.0917,1.0,0.984
1760,70.9133,0.9,0.948
1761,71.0306,0.9,0.928
1762,71.3973,0.8,0.92
1763,71.0504,0.7,0.904
1764,71.2167,0.7,0.96
1765,71.0297,0.8,0.932
1766,71.0762,0.8,0.924
1767,71.2442,0.7,0.908
1768,71.1033,0.8,0.94
1769,71.0649,0.7,0.932
1770,71.0628,0.7,0.928
1771,71.077,0.8,0.956
1772,71.1505,0.8,0.948
1773,71.2065,0.9,0.936
1774,71.2962,0.8,0.94
1775,71.1624,0.9,0.952
1776,71.1911,0.7,0.908
1777,70.937,0.8,0.928
1778,71.0899,0.8,0.952
1779,71.0044,0.9,0.924
1780,71.2056,0.8,0.968
1781,70.7557,0.8,0.892
1782,70.7866,0.9,0.888
1783,71.2352,0.8,0.956
1784,71.0853,0.6,0.892
1785,71.1023,0.8,0.904
1786,71.0404,0.8,0.932
1787,70.9494,0.9,0.88
1788,71.2742,0.9,0.944
1789,71.1001,0.9,0.936
1790,70.9365,0.9,0.94
1791,71.0379,0.9,0.948
1792,71.0683,0.9,0.912
1793,71.1187,0.8,0.936
1794,70.8852,0.8,0.916
1795,71.2989,0.6,0.928
1796,70.9762,0.9,0.94
1797,70.9933,0.8,0.94
1798,71.2027,0.9,0.964
1799,71.3086,0.7,0.928
1800,71.1861,0.6,0.94
1801,71.2837,0.8,0.916
1802,71.0258,1.0,0.956
1803,71.263,0.8,0.924
1804,71.1497,0.9,0.936
1805,71.0325,0.8,0.956
1806,71.2252,0.8,0.952
1807,71.2695,0.8,0.96
1808,70.9455,0.8,0.908
1809,71.229,0.9,0.944
1810,71.0737,0.9,0.932
1811,71.1145,0.9,0.944
1812,71.1976,0.9,0.952
1813,71.2016,0.9,0.96
1814,70.8158,0.8,0.904
1815,70.9456,0.9,0.956
1816,70.926,0.8,0.94
1817,70.9389,0.8,0.944
1818,71.2452,0.8,0.936
1819,71.2038,0.9,0.948
1820,71.2972,0.8,0.912
1821,70.8153,0.8,0.932
1822,71.2251,1.0,0.936
1823,71.2208,0.7,0.936
1824,71.1818,0.9,0.932
1825,71.087,0.9,0.972
1826,70.8424,0.7,0.916
1827,71.0112,0.9,0.932
1828,71.3023,0.8,0.932
1829,71.1853,0.7,0.932
1830,71.0861,0.9,0.912
1831,70.8939,0.9,0.928
1832,71.0083,0.9,0.928
1833,71.2241,0.7,0.94
1834,71.0411,0.9,0.964
1835,71.1675,0.9,0.968
1836,71.3493,0.8,0.912
1837,70.8974,0.8,0.916
1838,71.1627,0.9,0.952
1839,70.8296,0.8,0.924
1840,71.0578,0.8,0.94
1841,71.0286,1.0,0.936
1842,70.9939,0.8,0.896
1843,71.1198,0.9,0.972
1844,71.0936,0.9,0.956
1845,71.2078,0.9,0.932
1846,71.0042,0.7,0.9
1847,70.9223,0.9,0.94
1848,71.1004,0.9,0.928
1849,71.0897,0.8,0.956
1850,71.16,0.9,0.952
1851,71.1636,0.8,0.924
1852,70.9396,0.8,0.936
1853,71.3783,0.7,0.932
1854,71.4027,0.6,0.92
1855,70.9656,0.8,0.924
1856,71.357,0.8,0.948
1857,71.1899,0.9,0.964
1858,71.0837,0.9,0.976
1859,70.9853,0.9,0.936
1860,70.9856,0.8,0.924
1861,70.8939,0.8,0.924
1862,71.0121,0.8,0.948
1863,71.0216,0.9,0.936
1864,71.0736,0.8,0.936
1865,71.2094,0.8,0.932
1866,71.0307,0.9,0.944
1867,71.2058,0.8,0.96
1868,71.1019,0.9,0.932
1869,70.948,0.8,0.896
1870,71.2619,0.8,0.952
1871,70.8621,0.8,0.944
1872,70.8154,0.8,0.928
1873,70.985,0.8,0.944
1874,70.9647,0.8,0.932
1875,70.8127,0.8,0.912
1876,71.1839,0.8,0.948
1877,70.9691,0.8,0.936
1878,70.9351,0.8,0.936
1879,70.9897,0.9,0.948
1880,71.1395,0.8,0.972
1881,71.1431,0.8,0.936
1882,71.0236,1.0,0.932
1883,71.0384,0.9,0.96
1884,71.1413,0.8,0.932
1885,71.1848,0.7,0.956
1886,71.1221,0.9,0.948
1887,71.2086,1.0,0.944
1888,71.2171,0.9,0.964
1889,71.0729,1.0,0.936
1890,71.2047,0.8,0.96
1891,70.925,0.8,0.936
1892,71.2752,0.7,0.928
1893,71.0829,0.8,0.904
1894,70.9949,0.9,0.96
1895,71.2389,0.8,0.964
1896,71.0576,0.9,0.924
1897,70.9715,0.8,0.904
1898,71.0108,0.9,0.872
1899,71.1951,0.7,0.944
1900,71.2075,0.9,0.944
1901,71.2895,0.8,0.964
1902,71.2012,0.9,0.924
1903,71.2502,0.9,0.924
1904,70.9094,0.9,0.868
1905,71.0854,0.8,0.944
1906,70.9587,0.6,0.884
1907,71.1853,0.8,0.98
1908,71.0123,0.9,0.964
1909,70.9561,0.8,0.92
1910,71.2236,0.8,0.976
1911,71.1198,0.7,0.956
1912,71.195,0.8,0.96
1913,70.7233,0.8,0.912
1914,71.3246,0.8,0.92
1915,71.1293,0.8,0.956
1916,71.2732,0.7,0.944
1917,70.9954,0.9,0.944
1918,70.8639,0.9,0.944
1919,70.9255,0.8,0.928
1920,71.285,0.9,0.936
1921,71.1246,0.9,0.972
1922,70.8897,1.0,0.9
1923,71.0908,0.9,0.944
1924,71.0508,0.8,0.92
1925,71.0789,0.8,0.924
1926,71.1717,0.9,0.932
1927,71.1227,0.8,0.924
1928,70.9594,0.9,0.928
1929,71.3352,0.8,0.94
1930,70.8336,0.9,0.908
1931,71.0189,0.9,0.944
1932,71.1027,0.8,0.956
1933,71.0807,0.9,0.952
1934,71.2667,0.8,0.924
1935,71.1814,0.8,0.932
1936,71.2202,0.7,0.936
1937,70.929,0.9,0.928
1938,71.0621,0.9,0.924
1939,70.8612,0.8,0.94
1940,71.0357,0.8,0.932
1941,70.812,0.8,0.932
1942,71.3072,0.8,0.948
1943,70.9829,0.7,0.92
1944,70.8744,0.9,0.904
1945,71.0898,1.0,0.968
1946,71.1452,1.0,0.936
1947,71.1903,0.8,0.932
1948,71.2609,0.8,0.96
1949,71.2867,0.8,0.924
1950,71.4594,0.7,0.892
1951,71.1407,0.8,0.924
1952,71.0351,0.9,0.96
1953,71.1025,0.8,0.928
1954,71.1776,0.9,0.94
1955,71.0211,1.0,0.948
1956,70.8354,0.8,0.904
1957,71.124,0.8,0.94
1958,71.3392,0.8,0.952
1959,71.1677,0.8,0.928
1960,71.2257,0.8,0.956
1961,71.2852,0.8,0.94
1962,71.0153,0.9,0.972
1963,71.0459,0.9,0.948
1964,71.1086,0.8,0.948
1965,70.9592,0.7,0.912
1966,71.3336,0.8,0.94
1967,71.1067,0.9,0.956
1968,71.0395,0.8,0.92
1969,71.1139,0.8,0.956
1970,71.0574,0.8,0.908
1971,71.3828,0.8,0.944
1972,71.0482,1.0,0.952
1973,71.2792,0.8,0.904
1974,71.2508,0.8,0.968
1975,70.9657,0.9,0.924
1976,71.1025,0.8,0.952
1977,71.0087,0.8,0.956
1978,71.1283,0.9,0.948
1979,71.0048,0.9,0.892
1980,71.2761,0.8,0.964
1981,71.216,0.9,0.944
1982,70.943,0.9,0.912
1983,70.9866,0.9,0.972
1984,71.1808,0.6,0.932
1985,70.9651,0.9,0.94
1986,71.2606,0.9,0.956
1987,70.8309,0.9,0.936
1988,70.9047,0.8,0.9
1989,71.02,0.9,0.952
1990,70.9957,1.0,0.956
1991,70.9987,0.9,0.948
1992,71.2525,0.8,0.936
1993,71.4219,0.7,0.928
1994,71.1448,0.9,0.94
1995,71.1176,0.8,0.896
1996,71.2988,0.9,0.912
1997,71.126,0.7,0.936
1998,70.8239,0.7,0.904
1999,71.255,0.8,0.944
2000,70.9418,0.9,0.936
2001,70.938,0.9,0.912
2002,71.1377,0.8,0.956
2003,71.1191,0.8,0.92
2004,71.2231,0.8,0.948
2005,71.098,0.9,0.964
2006,70.951,0.7,0.892
2007,71.1163,0.9,0.92
2008,71.0584,0.9,0.952
2009,70.8681,0.8,0.908
2010,71.1981,0.8,0.924
2011,71.1162,0.8,0.948
2012,70.9198,0.8,0.912
2013,71.062,0.9,0.956
2014,71.1833,0.9,0.94
2015,71.2028,0.7,0.9
2016,70.97,0.9,0.948
2017,71.1472,0.9,0.932
2018,71.1272,0.9,0.956
2019,71.0207,0.8,0.924
2020,70.8388,0.8,0.932
2021,71.0061,0.8,0.964
2022,70.9934,0.9,0.948
2023,71.127,0.8,0.94
2024,71.075,0.8,0.96
2025,70.8926,0.8,0.92
2026,71.1037,0.8,0.948
2027,71.1092,1.0,0.964
2028,71.0613,1.0,0.916
2029,71.2767,0.7,0.94
2030,71.1743,0.9,0.964
2031,71.1195,0.9,0.936
2032,70.8901,0.9,0.884
2033,71.1381,0.8,0.912
2034,70.8352,0.8,0.92
2035,71.1363,0.7,0.944
2036,71.0254,0.8,0.956
2037,70.8744,0.9,0.952
2038,71.1434,0.9,0.94
2039,71.3842,0.7,0.916
2040,70.9743,0.8,0.92
2041,71.1048,0.8,0.956
2042,71.0209,0.9,0.928
2043,71.015,0.9,0.944
2044,71.265,0.9,0.908
2045,71.1019,0.8,0.956
2046,71.015,1.0,0.956
2047,70.7692,0.7,0.88
2048,71.1658,0.8,0.924
2049,71.1403,0.9,0.916
2050,71.119,0.8,0.92
2051,70.9962,0.9,0.924
2052,71.154,1.0,0.96
2053,71.1268,0.7,0.94
2054,71.2323,0.9,0.932
2055,70.9932,0.8,0.924
2056,70.8664,0.7,0.892
2057,71.0802,0.7,0.916
2058,70.7012,0.8,0.9
2059,70.8423,0.8,0.94
2060,71.3074,0.7,0.928
2061,70.9673,0.9,0.948
2062,71.1542,0.8,0.888
2063,70.7564,0.8,0.892
2064,70.8476,0.8,0.916
2065,71.1113,0.8,0.956
2066,71.1052,0.8,0.92
2067,71.1245,0.9,0.948
2068,71.2069,0.7,0.968
2069,71.1787,0.8,0.924
2070,70.9931,0.9,0.952
2071,71.2114,0.8,0.936
2072,71.2553,0.9,0.928
2073,70.8023,0.8,0.884
2074,70.7349,0.8,0.9
2075,70.9513,0.9,0.944
2076,71.092,0.8,0.928
2077,70.9876,0.9,0.932
2078,71.3478,0.6,0.932
2079,70.9934,0.8,0.912
2080,71.0378,0.9,0.92
2081,70.9749,0.8,0.936
2082,71.0609,0.7,0.944
2083,71.05,0.8,0.952
2084,70.9902,0.9,0.924
2085,71.2047,0.9,0.916
2086,71.1357,0.8,0.96
2087,71.0708,0.8,0.936
2088,71.0509,0.8,0.972
2089,71.3939,0.8,0.932
2090,71.1781,0.8,0.916
2091,71.347,0.7,0.948
2092,71.0238,0.9,0.948
2093,71.2385,0.8,0.912
2094,71.0691,0.8,0.972
2095,71.0579,0.7,0.928
2096,70.9627,0.9,0.892
2097,71.1621,0.9,0.94
2098,71.1846,0.9,0.968
2099,71.1326,0.7,0.944
2100,71.0918,0.8,0.948
2101,71.0549,0.8,0.932
2102,71.4613,0.6,0.908
2103,70.999,0.9,0.948
2104,71.0765,0.8,0.952
2105,71.3151,0.8,0.952
2106,71.2345,0.6,0.92
2107,71.1321,0.8,0.968
2108,70.944,0.9,0.94
2109,71.0318,0.9,0.916
2110,71.287,0.8,0.964
2111,71.065,0.9,0.92
2112,71.2522,0.8,0.9
2113,71.1056,0.8,0.952
2114,71.2247,0.8,0.936
2115,71.2933,0.8,0.972
2116,71.1953,0.9,0.956
2117,70.8956,0.9,0.952
2118,71.0779,1.0,0.956
2119,71.0811,0.8,0.904
2120,71.3321,0.8,0.948
2121,70.9728,0.8,0.92
2122,71.0522,0.8,0.928
2123,71.0939,0.7,0.94
2124,70.9978,0.9,0.92
2125,70.9618,0.7,0.904
2126,71.3973,0.7,0.9
2127,70.9055,0.9,0.932
2128,70.8844,0.9,0.932
2129,71.3027,0.7,0.924
2130,71.0388,0.9,0.936
2131,71.0947,0.9,0.956
2132,70.9727,0.9,0.948
2133,71.1762,0.8,0.972
2134,71.2414,0.8,0.972
2135,71.0762,0.9,0.964
2136,70.8711,0.9,0.936
2137,71.0454,0.8,0.956
2138,70.8032,0.7,0.888
2139,71.1158,0.9,0.948
2140,71.1238,1.0,0.944
2141,71.1077,0.8,0.944
2142,71.3326,0.8,0.9
2143,71.1171,0.9,0.952
2144,70.8526,0.9,0.916
2145,71.1556,1.0,0.94
2146,71.2901,0.7,0.944
2147,71.0815,0.8,0.952
2148,71.1694,0.9,0.936
2149,71.0639,0.8,0.964
2150,71.2634,0.8,0.932
2151,71.0502,0.9,0.948
2152,71.2507,0.9,0.928
2153,71.1628,0.7,0.94
2154,70.867,0.8,0.936
2155,71.1649,0.9,0.968
2156,71.2066,0.9,0.96
2157,71.0629,0.7,0.884
2158,70.8246,0.8,0.912
2159,71.1607,0.8,0.972
2160,71.2373,0.8,0.948
2161,71.4175,0.8,0.892
2162,70.9629,0.9,0.948
2163,71.0034,1.0,0.96
2164,71.134,0.8,0.964
2165,71.2309,1.0,0.916
2166,71.1096,0.8,0.944
2167,71.0789,0.8,0.916
2168,71.0688,0.8,0.968
2169,70.841,0.9,0.936
2170,71.1789,0.8,0.928
2171,71.285,0.9,0.912
2172,71.2323,0.8,0.92
2173,71.1251,0.8,0.928
2174,70.9825,1.0,0.96
2175,71.1809,0.9,0.928
2176,71.1344,0.9,0.972
2177,71.1368,0.8,0.964
2178,71.1759,0.8,0.964
2179,71.2669,0.8,0.924
2180,71.2078,0.8,0.96
2181,70.8496,0.9,0.932
2182,70.8522,1.0,0.9
2183,71.1512,0.8,0.96
2184,71.0584,1.0,0.968
2185,71.3141,0.8,0.94
2186,71.3044,0.8,0.92
2187,71.0215,0.8,0.94
2188,71.0229,0.7,0.94
2189,71.0498,0.9,0.936
2190,71.0492,0.8,0.952
2191,70.9813,0.9,0.96
2192,71.293,0.7,0.928
2193,71.3891,0.7,0.944
2194,71.0202,0.9,0.952
2195,71.393,0.8,0.94
2196,70.9522,1.0,0.932
2197,71.2131,0.8,0.932
2198,71.2577,0.8,0.972
2199,70.9717,0.8,0.944
2200,71.1744,0.8,0.96
2201,70.9412,0.8,0.932
2202,71.1049,0.8,0.948
2203,71.1152,0.9,0.968
2204,71.2436,0.9,0.96
2205,71.0108,1.0,0.952
2206,71.4218,0.7,0.904
2207,71.0788,0.9,0.96
2208,71.2507,0.9,0.956
2209,71.0133,0.8,0.96
2210,70.8082,0.8,0.88
2211,70.9632,0.9,0.956
2212,71.2442,0.8,0.96
2213,70.9242,0.9,0.968
2214,71.0571,0.9,0.944
2215,71.0689,0.8,0.944
2216,71.331,0.7,0.948
2217,70.8389,0.8,0.936
2218,71.0503,0.8,0.968
2219,70.7982,0.7,0.912
2220,70.8253,0.7,0.912
2221,70.7854,0.8,0.924
2222,71.0499,0.9,0.952
2223,71.0136,0.8,0.912
2224,71.0978,0.7,0.956
2225,71.1913,0.8,0.96
2226,70.9079,0.9,0.928
2227,70.9441,0.8,0.952
2228,70.8356,0.7,0.892
2229,71.0424,0.9,0.94
2230,71.0515,0.7,0.928
2231,71.2545,0.8,0.904
2232,71.0969,0.9,0.98
2233,71.0665,0.8,0.956
2234,71.0817,0.8,0.936
2235,71.0999,0.9,0.964
2236,70.8454,0.9,0.952
2237,70.8719,0.9,0.94
2238,71.1249,0.8,0.932
2239,71.0395,0.9,0.952
2240,71.2024,0.8,0.928
2241,71.134,0.8,0.928
2242,71.0436,0.8,0.952
2243,71.1095,0.9,0.944
2244,70.9789,0.7,0.936
2245,70.7474,0.7,0.88
2246,71.0629,0.8,0.944
2247,71.1476,0.8,0.964
2248,71.2436,0.7,0.952
2249,71.2034,0.7,0.948
2250,71.1574,0.9,0.94
2251,71.2664,0.9,0.932
2252,70.9443,0.9,0.908
2253,71.2621,0.8,0.956
2254,71.2548,0.8,0.928
2255,71.2041,0.8,0.936
2256,70.8964,0.9,0.952
2257,71.2458,0.7,0.952
2258,71.2259,0.8,0.908
2259,70.993,0.9,0.94
2260,70.9957,0.8,0.936
2261,71.1666,0.8,0.964
2262,71.1691,0.8,0.944
2263,71.1906,0.7,0.952
2264,71.106,0.8,0.924
2265,71.1833,0.8,0.988
2266,71.0783,1.0,0.976
2267,71.1707,0.9,0.972
2268,71.2139,0.9,0.948
2269,70.8658,0.9,0.932
2270,71.119,0.8,0.96
2271,71.1515,0.7,0.96
2272,70.9729,0.9,0.94
2273,71.2114,0.8,0.952
2274,71.0286,0.9,0.964
2275,71.0377,0.8,0.956
2276,71.1776,0.7,0.932
2277,71.1519,0.9,0.956
2278,71.2188,0.7,0.96
2279,70.9341,1.0,0.92
2280,71.1455,0.8,0.96
2281,70.9334,0.8,0.936
2282,71.099,0.8,0.956
2283,70.9175,0.8,0.86
2284,71.1481,0.8,0.976
2285,71.0543,0.9,0.956
2286,70.8456,0.8,0.888
2287,71.2092,1.0,0.952
2288,71.1076,0.9,0.964
2289,70.9386,1.0,0.932
2290,71.366,0.8,0.904
2291,70.9073,0.9,0.944
2292,71.0889,0.9,0.948
2293,71.2379,0.7,0.932
2294,71.0613,0.9,0.944
2295,71.2677,0.8,0.944
2296,71.0839,0.8,0.9
2297,70.9866,0.8,0.956
2298,71.1293,0.8,0.972
2299,71.2915,0.8,0.96
2300,71.2741,0.8,0.964
2301,71.426,0.8,0.944
2302,71.0397,0.9,0.92
2303,71.1883,0.9,0.964
2304,70.9344,0.8,0.896
2305,70.9102,0.9,0.912
2306,70.689,0.8,0.904
2307,71.3056,0.8,0.94
2308,71.0245,1.0,0.936
2309,70.9717,1.0,0.908
2310,71.0279,0.9,0.96
2311,71.0187,0.7,0.904
2312,71.2219,0.9,0.956
2313,71.262,0.8,0.952
2314,71.1221,0.8,0.944
2315,71.0076,0.8,0.948
2316,70.9153,0.8,0.928
2317,71.3163,0.8,0.948
2318,71.1201,0.9,0.912
2319,70.8128,0.8,0.924
2320,71.136,0.9,0.952
2321,71.1673,0.9,0.964
2322,71.186,0.9,0.944
2323,70.9417,0.9,0.924
2324,71.1428,0.9,0.968
2325,71.2007,0.9,0.924
2326,71.1876,0.6,0.94
2327,71.2523,0.8,0.916
2328,70.8677,0.9,0.94
2329,71.1968,0.9,0.972
2330,70.8769,0.8,0.912
2331,71.1022,0.7,0.924
2332,71.2529,0.8,0.96
2333,70.9638,0.9,0.964
2334,71.0438,0.9,0.932
2335,71.1424,0.8,0.96
2336,70.956,0.9,0.944
2337,71.1037,0.8,0.924
2338,71.1827,0.8,0.968
2339,70.9549,0.8,0.928
2340,71.1326,0.8,0.96
2341,71.1016,0.8,0.948
2342,71.0501,0.8,0.964
2343,71.0786,1.0,0.944
2344,71.2589,0.8,0.968
2345,71.4122,0.8,0.892
2346,71.1519,0.8,0.94
2347,71.159,0.8,0.972
2348,71.401,0.7,0.904
2349,71.2621,0.7,0.92
2350,71.1577,1.0,0.948
2351,71.2387,0.8,0.964
2352,70.977,0.7,0.94
2353,70.7908,0.8,0.888
2354,71.1846,0.9,0.944
2355,71.0064,1.0,0.94
2356,71.1011,0.9,0.968
2357,71.2434,0.8,0.94
2358,71.0401,0.8,0.956
2359,71.3479,0.8,0.904
2360,71.1208,0.9,0.92
2361,71.1863,0.9,0.98
2362,71.1905,0.8,0.96
2363,71.1195,0.9,0.952
2364,70.9561,0.9,0.932
2365,70.9655,0.8,0.9
2366,70.8859,0.9,0.888
2367,71.1211,0.7,0.96
2368,71.097,0.8,0.94
2369,71.0117,0.8,0.932
2370,71.1137,0.8,0.96
2371,71.1368,0.9,0.948
2372,70.9905,0.8,0.952
2373,70.9825,0.8,0.908
2374,71.0069,0.9,0.936
2375,71.1514,0.9,0.908
2376,71.3636,0.7,0.92
2377,71.1432,0.8,0.956
2378,70.9673,0.9,0.948
2379,71.2305,0.7,0.932
2380,71.2659,0.9,0.912
2381,70.8444,0.8,0.916
2382,71.2665,0.7,0.956
2383,71.1823,0.8,0.976
2384,71.2032,0.8,0.96
2385,71.0291,0.7,0.936
2386,71.198,1.0,0.928
2387,70.8668,0.7,0.916
2388,71.0085,0.8,0.94
2389,71.0617,0.9,0.924
2390,70.9679,0.9,0.936
2391,71.0216,0.9,0.948
2392,71.0795,0.9,0.916
2393,70.8858,0.9,0.932
2394,71.1172,0.9,0.948
2395,70.8626,0.9,0.932
2396,70.8597,0.8,0.94
2397,71.3151,0.7,0.94
2398,71.219,0.8,0.96
2399,71.0865,0.7,0.948
2400,71.3803,0.8,0.92
2401,71.0188,1.0,0.96
2402,71.0062,0.8,0.912
2403,70.9213,0.9,0.916
2404,71.2567,0.8,0.96
2405,70.9869,0.8,0.94
2406,70.9918,0.9,0.916
2407,70.9253,0.8,0.892
2408,71.1177,1.0,0.964
2409,71.0246,0.8,0.94
2410,70.9256,0.9,0.92
2411,71.0045,0.8,0.936
2412,71.1612,1.0,0.944
2413,71.2275,0.8,0.948
2414,71.1025,0.8,0.924
2415,71.0768,0.8,0.936
2416,71.0313,1.0,0.968
2417,71.0324,0.9,0.924
2418,71.084,0.8,0.972
2419,71.1946,1.0,0.96
2420,71.0283,0.8,0.944
2421,70.8528,0.9,0.944
2422,70.8677,0.8,0.944
2423,70.9146,0.9,0.932
2424,71.1398,0.7,0.968
2425,71.2444,0.9,0.956
2426,71.2203,0.8,0.968
2427,71.2032,0.8,0.948
2428,71.3349,0.9,0.952
2429,71.0375,0.7,0.892
2430,70.9213,1.0,0.94
2431,71.3706,0.8,0.892
2432,71.149,0.8,0.94
2433,71.1549,0.8,0.956
2434,71.2508,0.7,0.94
2435,70.8994,0.8,0.9
2436,71.0326,0.9,0.96
2437,70.8001,0.8,0.916
2438,71.3563,0.8,0.964
2439,71.2065,0.8,0.96
2440,70.993,0.7,0.952
2441,71.1376,0.9,0.94
2442,70.9122,0.9,0.932
2443,71.1281,1.0,0.936
2444,71.1015,0.8,0.944
2445,71.3714,0.6,0.92
2446,71.1383,0.8,0.88
2447,71.2081,0.8,0.972
2448,71.0281,0.8,0.896
2449,71.1744,0.6,0.912
2450,70.8332,0.9,0.908
2451,71.0587,0.9,0.936
2452,70.9822,0.9,0.964
2453,71.0293,1.0,0.948
2454,71.1748,1.0,0.94
2455,71.0635,0.8,0.932
2456,71.0338,0.9,0.936
2457,71.0959,0.8,0.968
2458,70.8691,0.8,0.928
2459,71.0922,1.0,0.952
2460,71.227,0.8,0.948
2461,70.8189,0.8,0.94
2462,71.1406,0.9,0.968
2463,71.241,0.8,0.956
2464,70.9952,0.9,0.948
2465,70.8028,0.7,0.9
2466,71.3732,0.7,0.908
2467,70.9058,0.9,0.94
2468,71.376,0.8,0.936
2469,71.315,0.8,0.924
2470,71.0336,0.8,0.912
2471,71.0327,1.0,0.904
2472,70.9508,1.0,0.92
2473,71.1333,0.8,0.956
2474,71.3157,0.8,0.916
2475,71.0497,0.9,0.972
2476,70.9438,0.8,0.936
2477,70.9855,0.7,0.904
2478,71.0433,0.9,0.964
2479,71.4658,0.8,0.936
2480,71.043,0.9,0.944
2481,70.9803,0.8,0.956
2482,70.8474,0.8,0.884
2483,71.1825,0.9,0.952
2484,71.0671,0.8,0.944
2485,71.1026,0.8,0.936
2486,71.2645,0.8,0.908
2487,71.2389,0.8,0.936
2488,71.1484,0.9,0.964
2489,71.2027,0.8,0.892
2490,71.1416,0.8,0.956
2491,70.9313,0.9,0.924
2492,70.9466,0.9,0.928
2493,70.9542,0.9,0.964
2494,71.461,0.8,0.896
2495,71.1794,0.7,0.944
2496,70.8717,0.9,0.904
2497,71.0943,0.9,0.952
2498,71.2365,0.9,0.96
2499,71.0639,0.8,0.944
2500,71.2397,0.9,0.952
2501,71.216,0.9,0.924
2502,71.1717,0.9,0.964
2503,71.2211,0.7,0.936
2504,71.3599,0.8,0.9
2505,70.9914,0.9,0.952
2506,70.9473,0.9,0.964
2507,71.0723,1.0,0.952
2508,71.4067,0.8,0.924
2509,71.1304,0.7,0.94
2510,71.2865,0.8,0.968
2511,71.1755,0.7,0.912
2512,71.2429,0.8,0.932
2513,71.0262,0.8,0.924
2514,71.2521,0.7,0.904
2515,71.1367,0.7,0.976
2516,70.9288,0.9,0.952
2517,71.2827,0.7,0.94
2518,70.9251,0.7,0.916
2519,70.8383,0.9,0.924
2520,71.2929,0.9,0.932
2521,71.3871,0.8,0.9
2522,71.2008,0.8,0.952
2523,70.9664,0.9,0.944
2524,71.1298,0.9,0.92
2525,71.2545,0.7,0.92
2526,71.2141,0.9,0.944
2527,70.889,0.9,0.932
2528,71.2426,0.7,0.932
2529,70.9239,0.9,0.896
2530,70.9249,0.7,0.936
2531,71.33,0.7,0.944
2532,71.2058,0.9,0.956
2533,71.0354,0.9,0.92
2534,71.1107,0.8,0.872
2535,71.0253,1.0,0.936
2536,71.3044,0.9,0.968
2537,71.2085,0.8,0.948
2538,71.2231,0.8,0.944
2539,71.2438,0.8,0.948
2540,71.1375,0.9,0.96
2541,71.1675,1.0,0.98
2542,71.2917,0.8,0.896
2543,71.0248,0.8,0.924
2544,71.2543,0.8,0.96
2545,71.302,0.8,0.94
2546,70.9935,0.8,0.908
2547,70.8924,0.8,0.932
2548,71.1177,0.9,0.968
2549,71.1014,0.9,0.968
2550,71.0914,1.0,0.952
2551,71.2482,0.7,0.96
2552,71.1845,0.6,0.952
2553,71.1898,1.0,0.944
2554,71.2521,0.8,0.964
2555,70.9097,0.9,0.952
2556,71.1652,0.8,0.972
2557,70.978,0.8,0.924
2558,71.0702,0.8,0.928
2559,71.1226,0.8,0.964
2560,71.3024,0.7,0.94
2561,71.4073,0.8,0.92
2562,71.2043,0.9,0.964
2563,70.9804,1.0,0.94
2564,71.1844,0.9,0.912
2565,71.2692,0.9,0.932
2566,71.1712,0.9,0.888
2567,71.1668,0.6,0.92
2568,71.5016,0.7,0.896
2569,71.2155,0.9,0.936
2570,70.866,0.9,0.948
2571,71.263,0.5,0.928
2572,70.9612,0.9,0.896
2573,70.878,0.7,0.9
2574,71.0128,0.8,0.94
2575,70.8774,0.7,0.868
2576,71.2165,0.8,0.948
2577,71.2211,0.8,0.96
2578,70.9265,0.8,0.92
2579,71.1378,0.9,0.956
2580,71.06,0.9,0.936
2581,71.0259,0.9,0.948
2582,71.101,0.9,0.928
2583,71.0662,0.9,0.96
2584,70.8789,0.9,0.912
2585,71.3638,0.7,0.908
2586,70.9812,0.9,0.92
2587,70.9381,0.8,0.932
2588,71.2588,0.8,0.964
2589,71.1005,0.9,0.944
2590,71.1705,0.8,0.956
2591,70.9608,0.8,0.9
2592,71.045,0.8,0.916
2593,71.4247,0.8,0.912
2594,71.0878,0.9,0.952
2595,71.1335,0.8,0.956
2596,71.085,0.8,0.912
2597,70.8508,0.8,0.924
2598,71.0938,1.0,0.98
2599,71.0315,0.8,0.936
2600,71.2638,0.9,0.94
2601,71.2231,0.8,0.956
2602,71.3195,0.8,0.956
2603,71.1656,0.9,0.968
2604,71.0365,0.9,0.956
2605,71.0992,0.8,0.924
2606,71.2497,0.8,0.952
2607,70.9777,0.9,0.932
2608,71.1977,0.9,0.928
2609,71.0729,0.8,0.92
2610,71.1127,0.6,0.948
2611,70.9755,0.9,0.916
2612,70.9206,0.9,0.932
2613,71.1167,0.8,0.936
2614,70.9871,0.9,0.912
2615,71.4396,0.7,0.9
2616,71.0733,0.8,0.876
2617,71.1058,0.8,0.952
2618,71.3422,0.7,0.92
2619,70.8392,0.8,0.92
2620,71.1144,0.8,0.904
2621,70.9167,0.8,0.928
2622,71.1586,0.8,0.896
2623,70.9148,0.8,0.944
2624,71.3138,0.8,0.94
2625,70.9579,1.0,0.924
2626,71.2051,0.8,0.916
2627,71.305,0.7,0.9
2628,70.9933,0.8,0.948
2629,71.308,0.8,0.936
2630,70.8826,0.8,0.892
2631,71.2388,0.8,0.98
2632,71.1155,0.8,0.94
2633,71.1985,0.8,0.916
2634,71.3208,0.8,0.948
2635,71.152,0.8,0.932
2636,71.3157,0.8,0.964
2637,71.2124,0.8,0.984
2638,71.2109,0.8,0.964
2639,71.398,0.7,0.936
2640,71.0416,0.8,0.896
2641,71.0806,0.8,0.944
2642,71.0896,0.8,0.92
2643,71.151,0.8,0.928
2644,71.0369,1.0,0.936
2645,70.9535,1.0,0.912
2646,71.04,0.8,0.932
2647,71.2707,0.9,0.956
2648,71.0113,0.8,0.928
2649,71.3009,0.8,0.912
2650,71.3139,0.7,0.932
2651,71.1058,0.9,0.964
2652,71.3452,0.7,0.904
2653,71.0038,1.0,0.956
2654,71.2789,0.8,0.952
2655,70.7002,0.8,0.904
2656,71.0493,0.9,0.952
2657,71.1274,0.8,0.92
2658,71.1833,0.8,0.936
2659,70.865,0.9,0.912
2660,71.1964,0.9,0.936
2661,71.1105,0.9,0.96
2662,71.3214,0.7,0.916
2663,71.0927,0.8,0.96
2664,71.0266,0.9,0.964
2665,71.0051,0.8,0.932
2666,71.1468,0.8,0.948
2667,70.9981,0.7,0.892
2668,71.4142,0.8,0.892
2669,71.1428,1.0,0.98
2670,71.0135,0.8,0.932
2671,71.153,0.8,0.984
2672,71.1408,0.9,0.956
2673,71.3409,0.8,0.916
2674,71.2829,0.8,0.936
2675,71.2425,0.8,0.92
2676,71.0351,1.0,0.948
2677,71.1054,0.8,0.908
2678,70.9886,1.0,0.924
2679,71.4972,0.8,0.876
2680,71.0256,0.9,0.96
2681,71.4731,0.8,0.896
2682,70.9339,0.9,0.912
2683,71.1706,0.9,0.968
2684,71.3137,0.8,0.94
2685,71.0461,0.8,0.944
2686,71.3339,0.7,0.944
2687,70.9304,0.9,0.896
2688,71.1076,0.7,0.916
2689,70.8859,0.9,0.916
2690,71.1367,0.9,0.948
2691,71.1283,0.7,0.928
2692,71.1819,0.8,0.96
2693,71.2025,0.8,0.948
2694,70.8685,0.8,0.916
2695,71.263,0.8,0.96
2696,70.9116,0.9,0.904
2697,71.2281,0.9,0.94
2698,71.3153,0.7,0.924
2699,71.2909,0.9,0.948
2700,71.3608,0.7,0.952
2701,70.9301,0.9,0.968
2702,71.1263,0.7,0.92
2703,70.999,0.9,0.956
2704,71.0958,0.8,0.92
2705,71.0424,0.9,0.92
2706,71.0479,0.8,0.912
2707,71.1892,0.8,0.904
2708,71.1171,0.8,0.96
2709,71.2174,0.8,0.984
2710,71.0715,1.0,0.952
2711,70.9634,0.8,0.892
2712,71.3952,0.7,0.928
2713,71.0126,0.8,0.94
2714,71.1968,0.8,0.952
2715,71.4625,0.8,0.872
2716,71.2748,0.7,0.9
2717,71.0533,0.9,0.948
2718,71.0751,0.9,0.968
2719,71.0757,0.9,0.956
2720,71.0123,0.9,0.932
2721,71.1235,0.7,0.908
2722,71.0386,0.8,0.932
2723,71.1124,0.8,0.96
2724,71.3041,0.7,0.944
2725,71.3111,0.6,0.932
2726,70.9947,0.9,0.904
2727,71.294,0.7,0.932
2728,71.0603,0.9,0.948
2729,71.116,0.9,0.976
2730,71.1186,1.0,0.952
2731,71.0595,0.6,0.912
2732,71.0495,0.8,0.876
2733,71.1756,0.9,0.952
2734,71.161,0.9,0.936
2735,71.0494,0.8,0.912
2736,71.0311,0.8,0.9
2737,70.9423,1.0,0.936
2738,71.0429,0.8,0.912
2739,71.2313,0.9,0.94
2740,71.1671,0.8,0.948
2741,71.1314,0.9,0.964
2742,70.9881,0.9,0.928
2743,71.2446,0.7,0.908
2744,70.9417,0.9,0.94
2745,70.8852,0.9,0.944
2746,71.0796,0.8,0.948
2747,71.1584,0.8,0.944
2748,71.2365,0.7,0.96
2749,71.2331,0.7,0.916
2750,71.308,0.8,0.932
2751,71.0465,0.8,0.952
2752,71.3987,0.7,0.936
2753,71.2268,0.8,0.968
2754,71.0456,0.8,0.908
2755,71.0047,0.9,0.928
2756,71.2722,0.9,0.944
2757,71.2556,0.8,0.94
2758,70.9174,0.8,0.916
2759,71.0154,0.8,0.932
2760,71.0271,0.8,0.94
2761,71.1875,0.8,0.948
2762,71.0462,0.9,0.912
2763,71.0994,0.8,0.936
2764,70.7203,0.8,0.876
2765,70.8809,0.9,0.944
2766,71.0169,0.8,0.904
2767,70.9918,1.0,0.952
2768,71.0882,0.8,0.968
2769,70.8778,0.8,0.952
2770,70.9192,0.8,0.92
2771,71.3039,0.7,0.932
2772,71.0025,0.8,0.904
2773,71.0507,0.8,0.932
2774,71.0728,1.0,0.968
2775,71.0102,0.7,0.92
2776,71.2954,0.9,0.968
2777,71.1774,0.9,0.96
2778,71.2413,0.8,0.892
2779,71.1673,0.8,0.948
2780,71.3375,0.8,0.924
2781,70.9671,0.9,0.96
2782,71.094,0.8,0.956
2783,71.1516,0.9,0.968
2784,70.9233,0.9,0.932
2785,71.1801,0.7,0.936
2786,71.0387,0.8,0.94
2787,71.1788,0.9,0.956
2788,70.9924,0.8,0.956
2789,70.8641,0.8,0.94
2790,70.6918,0.7,0.876
2791,70.9717,1.0,0.944
2792,71.2149,0.9,0.936
2793,71.3089,0.8,0.944
2794,70.9822,0.8,0.912
2795,70.9715,0.8,0.932
2796,71.0107,1.0,0.952
2797,71.1535,0.8,0.948
2798,71.1443,0.7,0.948
2799,71.0505,0.8,0.972
2800,71.244,0.8,0.92
2801,71.2003,0.9,0.916
2802,71.037,0.9,0.936
2803,71.1334,0.8,0.932
2804,71.2383,0.7,0.956
2805,70.9454,0.9,0.94
2806,71.064,0.9,0.932
2807,71.0595,0.9,0.964
2808,70.8323,0.8,0.912
2809,71.0969,0.9,0.952
2810,71.0845,1.0,0.944
2811,71.2181,0.7,0.924
2812,71.0141,0.7,0.912
2813,71.2871,0.8,0.956
2814,70.978,0.8,0.924
2815,71.0452,0.9,0.94
2816,70.8307,0.7,0.904
2817,71.0593,0.7,0.932
2818,70.9881,0.8,0.928
2819,71.1908,0.9,0.944
2820,71.1751,0.6,0.908
2821,71.0916,1.0,0.976
2822,70.8059,0.8,0.908
2823,71.2176,0.8,0.928
2824,70.9417,0.8,0.944
2825,71.306,0.7,0.944
2826,71.1191,0.9,0.956
2827,70.9607,0.8,0.944
2828,70.9261,0.8,0.932
2829,71.3213,0.8,0.944
2830,71.0692,0.9,0.94
2831,70.7048,0.7,0.872
2832,71.0408,0.7,0.92
2833,71.2939,0.8,0.932
2834,71.2998,0.8,0.916
2835,71.3097,0.8,0.952
2836,70.8948,0.9,0.92
2837,71.0783,0.9,0.924
2838,71.011,0.9,0.932
2839,70.8878,0.9,0.916
2840,71.2069,0.8,0.94
2841,71.2386,0.7,0.956
2842,71.1074,0.8,0.96
2843,71.0952,1.0,0.948
2844,71.3077,0.6,0.936
2845,71.1328,0.7,0.924
2846,70.9793,0.8,0.916
2847,70.9253,0.8,0.948
2848,71.1498,0.9,0.964
2849,71.2208,0.9,0.952
2850,70.9013,0.8,0.94
2851,71.2604,0.8,0.932
2852,71.1139,0.7,0.924
2853,70.7978,0.9,0.928
2854,71.0632,0.8,0.956
2855,71.0524,0.8,0.928
2856,71.0003,1.0,0.964
2857,71.2167,0.9,0.964
2858,70.8881,0.8,0.88
2859,71.1366,0.8,0.932
2860,70.9911,1.0,0.916
2861,71.2891,0.9,0.94
2862,71.1741,0.9,0.96
2863,71.1902,0.7,0.936
2864,71.3414,0.8,0.916
2865,71.1522,1.0,0.968
2866,71.0498,0.9,0.904
2867,71.1375,0.9,0.956
2868,71.1575,0.9,0.952
2869,71.0303,1.0,0.968
2870,71.2364,0.9,0.968
2871,70.9131,0.8,0.92
2872,71.0542,0.9,0.944
2873,71.4474,0.8,0.884
2874,71.2606,0.8,0.952
2875,71.1389,0.8,0.92
2876,71.0002,0.9,0.956
2877,71.1444,0.9,0.952
2878,70.8996,0.9,0.928
2879,70.9274,0.9,0.912
2880,71.2756,0.8,0.94
2881,71.1278,0.8,0.948
2882,71.2368,0.8,0.964
2883,71.1955,0.8,0.936
2884,71.3383,0.7,0.94
2885,71.1059,0.8,0.956
2886,71.0488,1.0,0.96
2887,71.1371,0.8,0.932
2888,71.0214,0.9,0.96
2889,71.032,0.7,0.924
2890,71.0979,0.9,0.936
2891,70.8152,0.8,0.92
2892,71.1433,0.8,0.9
2893,71.1978,0.8,0.952
2894,70.937,0.9,0.928
2895,71.3366,0.7,0.968
2896,71.2639,0.8,0.972
2897,71.057,0.8,0.952
2898,71.0502,1.0,0.952
2899,71.2907,0.8,0.948
2900,71.0799,0.8,0.936
2901,70.9694,0.7,0.916
2902,70.8718,0.8,0.92
2903,71.1679,0.8,0.944
2904,71.0246,0.9,0.944
2905,71.0395,0.9,0.94
2906,71.019,0.9,0.956
2907,71.0707,0.9,0.956
2908,70.9888,0.8,0.924
2909,71.0838,0.9,0.944
2910,70.96,0.9,0.908
2911,71.0428,0.9,0.948
2912,70.9909,0.8,0.94
2913,70.7842,0.8,0.908
2914,71.1414,0.8,0.956
2915,71.1176,0.9,0.944
2916,71.1104,0.8,0.9
2917,70.9427,0.9,0.932
2918,71.1939,0.8,0.92
2919,71.2055,0.8,0.916
2920,71.1397,0.8,0.968
2921,70.8473,0.9,0.936
2922,71.1294,0.8,0.952
2923,71.1014,0.7,0.936
2924,71.1003,0.8,0.972
2925,71.1607,0.8,0.936
2926,71.2143,0.8,0.92
2927,71.1237,0.9,0.964
2928,70.8219,0.8,0.888
2929,71.2159,0.8,0.968
2930,71.0048,0.9,0.896
2931,71.0808,0.8,0.96
2932,70.8542,0.9,0.928
2933,71.0798,0.8,0.968
2934,70.916,0.8,0.912
2935,71.4935,0.8,0.92
2936,71.1755,0.8,0.944
2937,71.1664,0.8,0.952
2938,71.1664,0.9,0.964
2939,70.9178,0.8,0.94
2940,71.2609,0.7,0.948
2941,71.1311,0.8,0.964
2942,70.7613,0.7,0.896
2943,71.1563,0.7,0.948
2944,70.8949,0.8,0.908
2945,70.755,0.8,0.904
2946,71.2212,0.8,0.956
2947,70.9353,0.9,0.94
2948,70.8363,0.8,0.888
2949,70.8062,0.8,0.928
2950,71.0817,0.9,0.98
2951,71.1839,0.8,0.96
2952,71.041,0.7,0.956
2953,70.9635,0.9,0.924
2954,71.1418,0.9,0.936
2955,71.1123,0.9,0.972
2956,70.9085,0.9,0.932
2957,71.0463,0.9,0.944
2958,70.9974,0.8,0.944
2959,71.179,0.8,0.976
2960,71.3108,0.7,0.94
2961,71.2218,0.7,0.96
2962,70.9435,0.8,0.952
2963,70.6992,0.8,0.912
2964,71.0805,1.0,0.98
2965,71.3039,0.8,0.948
2966,70.9345,0.9,0.904
2967,71.256,0.8,0.968
2968,71.0187,0.8,0.932
2969,71.2939,0.8,0.944
2970,71.2119,0.8,0.952
2971,71.1427,0.7,0.944
2972,71.1146,1.0,0.944
2973,71.0651,0.9,0.932
2974,71.0666,0.9,0.956
2975,71.055,0.9,0.952
2976,71.0846,0.9,0.94
2977,71.3178,0.6,0.936
2978,71.1592,0.8,0.92
2979,70.9272,0.8,0.916
2980,71.2031,0.9,0.928
2981,70.8101,0.9,0.932
2982,70.7308,0.8,0.904
2983,71.0647,0.8,0.956
2984,71.3247,0.8,0.948
2985,71.2386,0.8,0.964
2986,71.0088,0.8,0.968
2987,71.1836,0.9,0.916
2988,71.0308,0.9,0.956
2989,71.1896,0.8,0.912
2990,70.9986,0.9,0.916
2991,70.9047,0.8,0.92
2992,70.8477,0.9,0.924
2993,71.2118,0.9,0.936
2994,71.3297,0.7,0.92
2995,71.3379,0.8,0.936
2996,71.1249,0.8,0.924
2997,71.1288,0.9,0.96
2998,71.2612,0.9,0.948
2999,71.12,0.7,0.916
3000,71.0605,1.0,0.928
3001,70.9149,0.9,0.948
3002,71.1388,0.9,0.932
3003,70.9235,0.8,0.928
3004,70.8773,0.8,0.932
3005,71.2733,0.9,0.96
3006,71.2497,0.7,0.948
3007,71.0075,0.8,0.948
3008,70.955,0.9,0.888
3009,70.8882,0.9,0.932
3010,70.7813,0.8,0.892
3011,71.2315,0.7,0.968
3012,71.0465,1.0,0.972
3013,70.9973,0.9,0.948
3014,71.1038,0.9,0.952
3015,70.8433,0.9,0.928
3016,71.1031,0.8,0.956
3017,70.9249,0.8,0.9
3018,71.1885,0.8,0.932
3019,71.0523,0.9,0.92
3020,71.015,0.8,0.908
3021,71.0242,0.9,0.952
3022,71.2306,0.8,0.948
3023,71.1629,0.8,0.944
3024,71.1183,0.8,0.94
3025,71.0915,0.8,0.96
3026,70.9083,1.0,0.916
3027,70.9398,0.9,0.936
3028,71.2062,0.7,0.932
3029,70.8725,0.9,0.952
3030,71.2353,0.8,0.944
3031,70.9173,0.9,0.948
3032,71.2966,0.8,0.976
3033,71.0492,1.0,0.948
3034,71.1429,0.9,0.952
3035,71.313,0.8,0.944
3036,71.0439,0.8,0.948
3037,71.2051,0.7,0.944
3038,71.1772,0.8,0.92
3039,70.9942,1.0,0.944
3040,71.2058,0.8,0.96
3041,70.8475,0.9,0.94
3042,70.9286,0.8,0.916
3043,71.2703,0.9,0.948
3044,71.0973,0.9,0.94
3045,71.0229,0.8,0.924
3046,70.9851,0.8,0.936
3047,71.0444,0.8,0.928
3048,71.2403,0.9,0.928
3049,70.8854,0.8,0.932
3050,71.2145,0.9,0.924
3051,70.9121,0.9,0.948
3052,71.2335,0.8,0.956
3053,70.8306,0.7,0.924
3054,71.1613,0.8,0.92
3055,71.0431,0.8,0.916
3056,71.0951,0.8,0.956
3057,71.0326,0.8,0.948
3058,71.3734,0.8,0.94
3059,70.9754,0.9,0.94
3060,70.7719,0.7,0.908
3061,70.9521,0.8,0.928
3062,71.1594,0.9,0.972
3063,71.1727,0.9,0.984
3064,71.0126,0.8,0.948
3065,71.2467,0.7,0.96
3066,70.9295,0.8,0.924
3067,71.098,0.8,0.94
3068,71.15,1.0,0.964
3069,71.0114,0.7,0.924
3070,71.2224,0.8,0.956
3071,70.7561,0.8,0.908
3072,71.3544,0.8,0.932
3073,71.0317,0.9,0.94
3074,71.2925,0.8,0.956
3075,71.1942,0.9,0.94
3076,71.004,1.0,0.956
3077,71.0134,0.9,0.936
3078,70.9664,0.9,0.912
3079,71.2637,0.9,0.892
3080,71.0619,0.9,0.944
3081,70.9616,0.7,0.936
3082,71.2394,0.8,0.928
3083,71.1981,0.9,0.952
3084,70.8216,0.8,0.944
3085,71.2501,0.8,0.932
3086,71.1381,0.8,0.94
3087,71.2198,0.9,0.94
3088,71.083,1.0,0.988
3089,71.2465,0.8,0.96
3090,71.001,0.9,0.944
3091,70.9738,0.9,0.928
3092,71.0274,0.7,0.936
3093,71.0559,0.8,0.916
3094,71.0596,1.0,0.912
3095,70.7604,0.8,0.912
3096,70.9219,0.9,0.936
3097,71.2671,0.8,0.952
3098,70.9848,0.7,0.924
3099,71.0114,0.8,0.924
3100,71.1583,0.8,0.972
3101,70.9197,0.9,0.928
3102,71.1213,0.8,0.94
3103,71.0457,0.9,0.952
3104,71.138,0.7,0.924
3105,71.2782,0.7,0.936
3106,71.079,0.8,0.964
3107,71.0063,0.9,0.948
3108,70.9707,0.7,0.908
3109,71.2927,0.7,0.916
3110,71.0112,0.8,0.924
3111,71.2101,0.8,0.968
3112,71.0715,0.7,0.904
3113,71.2081,0.8,0.932
3114,71.0149,0.9,0.9
3115,71.1414,0.8,0.956
3116,71.4187,0.8,0.916
3117,71.2615,0.9,0.94
3118,70.9864,0.9,0.936
3119,71.3343,0.7,0.908
3120,70.9707,0.9,0.944
3121,71.1782,0.8,0.972
3122,71.1762,0.9,0.96
3123,71.2665,0.8,0.956
3124,71.0449,1.0,0.956
3125,71.2511,0.9,0.948
3126,71.1408,0.9,0.96
3127,71.0096,0.9,0.94
3128,70.937,0.9,0.928
3129,70.8582,0.8,0.924
3130,71.3373,0.8,0.94
3131,71.0959,0.8,0.912
3132,71.061,0.8,0.936
3133,71.187,0.7,0.948
3134,71.2136,0.8,0.972
3135,71.1089,0.8,0.944
3136,71.3752,0.7,0.912
3137,71.1929,0.7,0.928
3138,71.1602,0.9,0.928
3139,70.9376,0.9,0.92
3140,71.1743,0.8,0.968
3141,71.3425,0.7,0.908
3142,71.2547,0.8,0.968
3143,70.9947,0.9,0.96
3144,71.1853,0.9,0.96
3145,71.113,0.9,0.924
3146,71.0806,0.8,0.932
3147,70.9133,0.9,0.956
3148,71.0502,0.8,0.952
3149,71.227,0.9,0.944
3150,71.2213,0.8,0.904
3151,70.9396,0.8,0.948
3152,70.9788,0.9,0.956
3153,71.0713,0.8,0.944
3154,71.4546,0.6,0.912
3155,71.2309,0.8,0.908
3156,71.0941,0.8,0.92
3157,71.2803,0.7,0.952
3158,71.1281,1.0,0.94
3159,70.8464,0.8,0.916
3160,71.3195,0.9,0.912
3161,71.1809,0.9,0.928
3162,71.2765,0.8,0.948
3163,71.2533,0.8,0.88
3164,71.3556,0.7,0.964
3165,71.0392,0.7,0.936
3166,71.1382,0.8,0.96
3167,70.9984,0.9,0.928
3168,70.9084,0.8,0.888
3169,71.1497,0.8,0.952
3170,71.2346,0.8,0.98
3171,71.1221,0.9,0.972
3172,71.1597,0.9,0.912
3173,71.1257,0.9,0.944
3174,70.9865,0.8,0.904
3175,71.1695,0.7,0.912
3176,71.0332,1.0,0.968
3177,71.1482,0.8,0.98
3178,71.1739,0.8,0.96
3179,71.1965,0.8,0.964
3180,71.0538,1.0,0.976
3181,71.1868,0.6,0.948
3182,71.0779,0.9,0.936
3183,71.0787,0.8,0.932
3184,71.2366,0.9,0.944
3185,71.1169,1.0,0.968
3186,70.8935,0.8,0.88
3187,71.1819,0.9,0.964
3188,71.1667,0.8,0.968
3189,71.3354,0.8,0.92
3190,71.3433,0.7,0.912
3191,71.2676,0.7,0.96
3192,70.9143,0.8,0.932
3193,71.2961,0.8,0.976
3194,70.9061,0.9,0.948
3195,71.1807,1.0,0.964
3196,71.2315,0.8,0.9
3197,71.1577,0.8,0.952
3198,70.9906,0.8,0.92
3199,71.1064,0.8,0.916
3200,71.1603,1.0,0.972
3201,71.1813,0.7,0.964
3202,71.2375,0.8,0.948
3203,71.0112,0.8,0.964
3204,70.8648,0.9,0.928
3205,71.1535,0.8,0.944
3206,71.2485,0.8,0.972
3207,71.0366,0.9,0.972
3208,71.3103,0.7,0.96
3209,71.1393,0.9,0.928
3210,71.1925,0.8,0.96
3211,71.2926,0.6,0.952
3212,71.0605,0.8,0.932
3213,71.1878,0.8,0.936
3214,71.0773,0.8,0.94
3215,70.9372,0.8,0.928
3216,71.3888,0.8,0.916
3217,71.3579,0.8,0.944
3218,71.1132,0.7,0.912
3219,70.8613,0.6,0.908
3220,71.3629,0.6,0.932
3221,71.1183,0.8,0.916
3222,70.9138,0.8,0.932
3223,71.0976,0.9,0.948
3224,71.313,0.6,0.932
3225,71.1169,0.8,0.948
3226,71.0256,0.8,0.96
3227,70.9134,1.0,0.944
3228,70.7938,0.7,0.92
3229,71.251,0.8,0.932
3230,71.2809,0.8,0.94
3231,70.9439,0.8,0.932
3232,71.2982,0.7,0.952
3233,71.0317,0.9,0.952
3234,71.0505,0.8,0.928
3235,71.1557,0.8,0.964
3236,71.051,0.9,0.94
3237,71.1607,0.8,0.964
3238,71.3743,0.7,0.932
3239,70.8571,0.9,0.94
3240,71.2308,0.9,0.944
3241,71.3239,0.8,0.932
3242,71.1079,0.9,0.96
3243,71.1337,1.0,0.956
3244,71.1663,0.8,0.924
3245,71.071,0.8,0.94
3246,71.196,0.7,0.952
3247,71.045,0.8,0.928
3248,71.2472,0.8,0.972
3249,71.3155,0.7,0.956
3250,71.0513,0.7,0.944
3251,70.9993,0.7,0.936
3252,71.203,1.0,0.944
3253,71.1231,0.9,0.948
3254,71.1074,0.8,0.948
3255,70.9879,0.8,0.936
3256,71.2935,0.6,0.936
3257,71.2203,0.9,0.976
3258,71.0038,0.9,0.92
3259,71.0664,0.9,0.952
3260,70.9546,0.9,0.952
3261,71.088,1.0,0.972
3262,71.2458,0.8,0.976
3263,70.8635,0.8,0.936
3264,71.0169,0.9,0.908
3265,70.9985,0.8,0.88
3266,71.034,0.9,0.956
3267,71.0831,0.8,0.956
3268,71.0897,0.9,0.944
3269,71.3715,0.8,0.928
3270,70.8215,0.8,0.956
3271,71.1503,0.9,0.964
3272,70.922,0.8,0.94
3273,71.2001,0.7,0.968
3274,71.0834,0.9,0.968
3275,71.1198,0.8,0.952
3276,71.2827,0.9,0.932
3277,71.0519,0.9,0.956
3278,71.1919,0.8,0.924
3279,71.2439,0.7,0.936
3280,71.2525,0.7,0.916
3281,71.235,0.8,0.96
3282,70.9157,0.9,0.928
3283,70.8591,0.9,0.904
3284,71.2675,0.8,0.944
3285,71.2652,0.9,0.96
3286,71.043,0.9,0.912
3287,71.0223,0.9,0.896
3288,70.9448,0.9,0.924
3289,71.2861,0.8,0.944
3290,71.3104,0.8,0.972
3291,70.9372,0.9,0.932
3292,70.8423,0.9,0.872
3293,71.3407,0.8,0.932
3294,71.2262,0.8,0.928
3295,71.1697,0.9,0.924
3296,71.115,0.9,0.968
3297,71.0001,1.0,0.916
3298,71.2146,0.8,0.924
3299,71.3803,0.7,0.9
3300,71.1544,0.9,0.968
3301,70.9622,0.8,0.916
3302,71.5298,0.8,0.896
3303,70.9916,0.8,0.936
3304,71.1961,0.7,0.96
3305,71.2235,0.9,0.932
3306,71.1795,0.9,0.936
3307,71.3504,0.6,0.94
3308,70.8791,0.9,0.9
3309,71.1931,0.7,0.94
3310,70.9382,0.9,0.936
3311,71.1921,0.8,0.936
3312,71.0584,0.9,0.968
3313,70.8733,0.7,0.908
3314,71.0571,0.9,0.956
3315,71.0289,0.8,0.932
3316,71.1906,0.8,0.948
3317,71.2224,0.9,0.936
3318,71.0386,0.8,0.916
3319,71.4203,0.7,0.916
3320,71.0791,0.8,0.944
3321,71.2784,0.8,0.96
3322,70.8777,0.8,0.928
3323,70.7642,0.7,0.916
3324,71.1424,0.7,0.94
3325,71.16,0.8,0.964
3326,71.1144,1.0,0.968
3327,71.1111,0.9,0.944
3328,71.4182,0.7,0.932
3329,71.3468,0.8,0.952
3330,71.0224,0.9,0.94
3331,71.0877,0.9,0.948
3332,71.0678,0.7,0.936
3333,71.0838,0.8,0.928
3334,71.0271,0.8,0.94
3335,71.2447,0.7,0.968
3336,71.0466,1.0,0.972
3337,71.0235,0.9,0.928
3338,70.8967,0.8,0.876
3339,71.1105,0.8,0.936
3340,71.0311,0.9,0.956
3341,71.0996,0.9,0.972
3342,71.0908,0.9,0.94
3343,71.0454,0.8,0.908
3344,70.9575,0.8,0.948
3345,71.3162,0.9,0.924
3346,71.3987,0.8,0.912
3347,71.1752,0.9,0.94
3348,71.3322,0.9,0.916
3349,71.0724,0.9,0.936
3350,70.8986,0.9,0.916
3351,71.2077,0.7,0.9
3352,70.9432,0.7,0.92
3353,71.1096,0.9,0.968
3354,71.1836,0.8,0.944
3355,71.1049,0.9,0.964
3356,70.7935,0.8,0.928
3357,70.9113,1.0,0.94
3358,71.0608,0.7,0.92
3359,70.8431,0.8,0.912
3360,71.0818,0.9,0.916
3361,70.9788,0.8,0.94
3362,70.8813,0.8,0.904
3363,71.1411,0.9,0.956
3364,70.9962,1.0,0.94
3365,71.0163,0.8,0.916
3366,71.1422,0.9,0.964
3367,71.2657,0.7,0.928
3368,71.0273,0.7,0.936
3369,71.2162,0.9,0.98
3370,71.1761,0.8,0.936
3371,71.0793,0.7,0.964
3372,70.9889,0.7,0.9
3373,71.0567,0.7,0.944
3374,71.231,0.9,0.924
3375,70.9862,1.0,0.964
3376,71.0146,0.9,0.86
3377,71.3392,0.7,0.956
3378,71.041,0.9,0.936
3379,71.0664,0.8,0.932
3380,70.9412,0.8,0.896
3381,71.0831,0.8,0.956
3382,71.0028,0.9,0.916
3383,71.1522,0.8,0.972
3384,71.1346,0.9,0.944
3385,71.1567,0.9,0.944
3386,70.8809,0.9,0.936
3387,71.0642,0.9,0.956
3388,71.1503,0.7,0.944
3389,71.1459,0.8,0.956
3390,71.2862,0.7,0.952
3391,70.9259,0.9,0.924
3392,71.461,0.8,0.912
3393,71.0296,0.9,0.936
3394,71.1411,0.8,0.948
3395,71.169,0.9,0.964
3396,71.08,0.8,0.944
3397,71.0767,0.8,0.892
3398,70.9425,0.8,0.904
3399,70.9025,0.9,0.924
3400,71.011,0.9,0.96
3401,70.9453,0.7,0.916
3402,71.0065,0.9,0.944
3403,71.1244,0.7,0.932
3404,71.3609,0.8,0.932
3405,71.114,0.8,0.912
3406,71.1566,0.8,0.956
3407,71.1754,0.8,0.948
3408,71.199,0.9,0.932
3409,71.2274,0.8,0.968
3410,71.2419,0.8,0.944
3411,70.9683,0.8,0.908
3412,70.8454,0.9,0.936
3413,71.0597,0.9,0.94
3414,70.8735,0.8,0.908
3415,71.355,0.8,0.916
3416,71.1855,0.8,0.968
3417,70.9749,0.6,0.9
3418,71.1154,0.9,0.972
3419,71.2454,0.8,0.916
3420,71.0382,0.9,0.896
3421,71.2584,0.7,0.948
3422,70.8686,0.8,0.932
3423,71.1073,0.8,0.936
3424,71.067,1.0,0.956
3425,71.1764,0.8,0.948
3426,71.2267,0.9,0.948
3427,71.5036,0.7,0.876
3428,71.0128,0.9,0.928
3429,70.9572,0.8,0.956
3430,70.9078,0.8,0.944
3431,71.0608,1.0,0.96
3432,71.0807,1.0,0.912
3433,71.2952,0.9,0.948
3434,71.1007,1.0,0.948
3435,71.1243,0.9,0.96
3436,71.1499,0.8,0.952
3437,71.2033,0.8,0.972
3438,71.2126,0.7,0.964
3439,71.3696,0.8,0.928
3440,71.1106,0.9,0.944
3441,70.8747,0.7,0.904
3442,71.2509,0.8,0.952
3443,71.1826,0.9,0.916
3444,71.4056,0.8,0.924
3445,70.9447,0.8,0.92
3446,71.0481,1.0,0.98
3447,70.9801,0.8,0.944
3448,71.1759,0.7,0.924
3449,71.2736,0.8,0.932
3450,70.9394,1.0,0.912
3451,71.123,0.8,0.976
3452,71.4309,0.8,0.912
3453,70.9467,0.8,0.948
3454,71.173,0.9,0.96
3455,70.935,0.9,0.96
3456,70.7868,0.8,0.916
3457,70.977,1.0,0.94
3458,70.8194,0.7,0.912
3459,70.9223,0.8,0.932
3460,71.066,0.9,0.96
3461,71.0977,0.9,0.908
3462,71.1945,0.8,0.956
3463,70.9139,0.9,0.928
3464,71.065,0.9,0.94
3465,71.0632,0.9,0.952
3466,71.0434,0.9,0.964
3467,71.2073,0.8,0.904
3468,71.1692,0.8,0.956
3469,70.8769,0.9,0.928
3470,71.014,0.8,0.952
3471,71.1901,0.7,0.944
3472,70.8863,0.9,0.932
3473,71.2511,0.8,0.96
3474,71.077,0.8,0.936
3475,70.837,0.8,0.932
3476,70.9776,0.7,0.908
3477,70.9676,0.8,0.912
3478,71.225,0.8,0.968
3479,71.062,0.9,0.948
3480,71.0613,0.8,0.94
3481,70.8025,0.8,0.892
3482,71.2705,0.9,0.956
3483,71.0879,0.9,0.956
3484,71.058,0.8,0.92
3485,70.887,0.7,0.884
3486,71.5086,0.7,0.884
3487,71.0204,0.8,0.9
3488,70.9284,0.8,0.952
3489,70.7723,0.8,0.888
3490,71.2861,0.8,0.928
3491,71.1516,0.8,0.952
3492,71.0641,0.8,0.94
3493,70.9256,0.9,0.928
3494,70.9463,0.9,0.964
3495,70.8036,0.9,0.932
3496,71.2611,0.8,0.924
3497,71.0605,0.8,0.936
3498,70.7783,0.8,0.9
3499,70.8258,0.7,0.92
3500,70.9704,0.9,0.92
3501,71.2136,0.8,0.964
3502,70.8857,0.9,0.932
3503,71.0623,0.6,0.92
3504,71.3393,0.8,0.964
3505,71.1568,1.0,0.932
3506,71.0217,0.8,0.908
3507,71.3008,0.8,0.908
3508,71.1383,0.9,0.948
3509,71.1574,0.9,0.952
3510,71.1274,0.8,0.912
3511,71.3067,0.7,0.96
3512,71.3697,0.8,0.912
3513,71.1358,0.9,0.972
3514,70.9637,0.8,0.896
3515,71.0801,0.7,0.964
3516,71.1972,0.7,0.92
3517,71.1473,0.9,0.948
3518,71.2594,0.7,0.94
3519,71.0107,1.0,0.944
3520,71.0836,0.7,0.948
3521,71.1018,0.9,0.944
3522,71.3605,0.8,0.884
3523,71.0495,0.7,0.952
3524,70.9829,0.8,0.916
3525,70.9023,1.0,0.916
3526,70.8662,0.8,0.92
3527,71.2468,0.8,0.972
3528,71.2039,0.9,0.92
3529,71.0317,0.8,0.936
3530,71.0719,0.8,0.952
3531,70.9545,0.9,0.928
3532,71.3262,0.8,0.94
3533,70.9415,0.8,0.936
3534,71.0914,0.8,0.956
3535,71.3316,0.8,0.944
3536,71.0418,0.9,0.948
3537,71.209,0.7,0.888
3538,70.8118,0.8,0.912
3539,71.1192,0.9,0.976
3540,70.816,0.7,0.904
3541,71.1492,0.8,0.964
3542,71.0492,0.8,0.904
3543,70.913,0.8,0.936
3544,71.3082,0.8,0.944
3545,70.9875,0.8,0.948
3546,70.9261,0.8,0.92
3547,70.8726,0.8,0.864
3548,71.018,0.7,0.948
3549,71.1083,0.8,0.908
3550,71.1367,0.8,0.936
3551,71.3564,0.8,0.932
3552,71.1868,0.9,0.964
3553,71.1573,0.7,0.912
3554,71.1887,0.9,0.916
3555,71.0565,0.8,0.92
3556,71.1399,1.0,0.944
3557,71.4667,0.8,0.912
3558,70.9431,0.9,0.94
3559,70.7624,0.8,0.92
3560,70.8357,0.8,0.932
3561,71.011,1.0,0.944
3562,70.9008,0.9,0.872
3563,71.0729,0.9,0.972
3564,71.2191,0.7,0.964
3565,71.4032,0.8,0.896
3566,71.0472,0.8,0.972
3567,71.0279,0.9,0.9
3568,71.0667,0.8,0.916
3569,71.0197,1.0,0.964
3570,71.3567,0.6,0.924
3571,71.046,1.0,0.976
3572,71.3811,0.7,0.932
3573,71.1948,0.8,0.948
3574,71.2742,0.7,0.944
3575,71.3439,0.8,0.936
3576,71.1198,0.9,0.928
3577,71.1065,0.7,0.92
3578,70.8754,0.9,0.936
3579,71.0797,0.7,0.932
3580,71.094,1.0,0.944
3581,71.003,0.9,0.948
3582,71.201,0.8,0.9
3583,70.9871,0.9,0.92
3584,71.1481,0.8,0.964
3585,71.0936,0.8,0.924
3586,71.1558,0.8,0.956
3587,71.0203,0.9,0.928
3588,71.1502,0.9,0.948
3589,71.1391,0.8,0.964
3590,71.1656,0.9,0.948
3591,71.0208,0.6,0.908
3592,71.1221,0.9,0.924
3593,71.1201,0.8,0.956
3594,70.8997,0.7,0.932
3595,71.3623,0.8,0.96
3596,71.2029,0.7,0.968
3597,71.1163,0.8,0.952
3598,71.1203,0.8,0.972
3599,70.9471,0.8,0.928
3600,71.0007,0.8,0.928
3601,71.2155,0.7,0.952
3602,71.261,0.9,0.908
3603,71.2121,0.8,0.912
3604,70.9066,0.8,0.88
3605,71.1967,1.0,0.968
3606,70.9363,0.9,0.916
3607,71.2291,0.8,0.932
3608,71.0933,0.8,0.912
3609,71.0034,0.9,0.944
3610,70.9818,0.9,0.868
3611,71.0874,1.0,0.94
3612,71.2471,0.8,0.944
3613,71.2536,0.8,0.972
3614,71.2365,0.9,0.936
3615,71.167,0.8,0.976
3616,71.2608,0.9,0.908
3617,70.9428,0.8,0.944
3618,71.2193,0.7,0.916
3619,71.016,0.8,0.948
3620,70.7972,0.8,0.94
3621,71.0667,0.8,0.964
3622,70.8763,0.8,0.88
3623,71.0628,0.8,0.944
3624,70.9568,0.8,0.94
3625,71.003,0.7,0.936
3626,71.1376,0.7,0.936
3627,71.0539,1.0,0.96
3628,71.3532,0.8,0.904
3629,71.2169,0.8,0.96
3630,71.3574,0.8,0.944
3631,71.0492,0.8,0.94
3632,71.1236,0.9,0.936
3633,71.0427,0.9,0.924
3634,70.9656,0.8,0.932
3635,70.9536,0.9,0.924
3636,71.0257,0.8,0.96
3637,71.2614,0.7,0.9
3638,70.7987,0.7,0.92
3639,71.2251,0.6,0.944
3640,70.9775,0.7,0.92
3641,70.8105,0.8,0.928
3642,71.3366,0.8,0.96
3643,71.223,0.9,0.952
3644,70.9903,1.0,0.912
3645,71.0419,0.9,0.948
3646,71.0399,0.9,0.932
3647,71.0771,0.8,0.94
3648,70.9456,0.9,0.96
3649,71.0052,0.8,0.884
3650,71.1858,0.9,0.94
3651,71.2799,0.9,0.952
3652,71.2992,0.8,0.94
3653,71.1145,0.9,0.98
3654,71.075,0.7,0.912
3655,71.0349,1.0,0.944
3656,71.3992,0.8,0.908
3657,71.0602,0.8,0.948
3658,71.2841,0.9,0.932
3659,71.1199,1.0,0.96
3660,71.1415,0.8,0.924
3661,71.3324,0.6,0.932
3662,71.0067,0.9,0.944
3663,70.9167,0.9,0.916
3664,71.0164,0.7,0.932
3665,71.1235,1.0,0.936
3666,70.8977,1.0,0.916
3667,71.1274,0.6,0.936
3668,70.9201,0.7,0.904
3669,71.0621,0.9,0.96
3670,71.3201,0.7,0.94
3671,70.9004,0.8,0.916
3672,71.1615,0.8,0.924
3673,71.0841,1.0,0.936
3674,71.1636,1.0,0.928
3675,70.7863,0.8,0.92
3676,71.1991,0.7,0.912
3677,71.2921,0.7,0.932
3678,71.0303,0.8,0.94
3679,71.0436,0.9,0.916
3680,71.0171,0.7,0.944
3681,71.0643,0.7,0.928
3682,71.0811,0.8,0.936
3683,70.9273,0.9,0.964
3684,71.283,0.8,0.948
3685,71.2042,0.8,0.96
3686,71.1029,0.9,0.952
3687,71.3991,0.8,0.924
3688,71.0388,0.8,0.956
3689,71.1157,0.9,0.952
3690,70.9986,0.9,0.952
3691,71.0955,1.0,0.976
3692,70.9464,0.7,0.92
3693,71.2428,0.8,0.944
3694,70.9992,0.8,0.924
3695,71.101,0.8,0.956
3696,71.1265,0.9,0.932
3697,70.9834,1.0,0.936
3698,70.9755,0.7,0.892
3699,70.9059,0.7,0.936
3700,70.9198,0.8,0.94
3701,71.0949,0.8,0.94
3702,70.9617,0.9,0.912
3703,71.2425,0.9,0.924
3704,71.1456,0.8,0.94
3705,71.0421,0.9,0.972
3706,70.9653,0.9,0.952
3707,71.4269,0.6,0.876
3708,71.2218,1.0,0.968
3709,71.0309,0.9,0.94
3710,71.0077,0.9,0.952
3711,71.1216,0.9,0.928
3712,71.0099,0.8,0.96
3713,71.291,0.7,0.916
3714,71.1523,1.0,0.952
3715,71.2808,0.8,0.944
3716,70.8287,0.8,0.912
3717,70.9841,0.8,0.868
3718,71.286,0.8,0.936
3719,71.3058,0.8,0.932
3720,71.1145,0.8,0.896
3721,70.9024,0.9,0.932
3722,71.0913,1.0,0.952
3723,71.034,0.8,0.94
3724,71.2867,0.7,0.9
3725,71.0835,0.7,0.936
3726,70.9664,1.0,0.924
3727,71.0639,0.9,0.928
3728,70.8116,0.8,0.94
3729,70.9455,0.8,0.912
3730,70.9395,0.8,0.932
3731,71.3392,0.8,0.944
3732,71.07,0.8,0.956
3733,70.963,0.9,0.956
3734,70.9477,0.9,0.928
3735,71.0484,0.9,0.948
3736,71.1272,1.0,0.952
3737,70.9136,0.7,0.908
3738,71.1142,0.8,0.912
3739,71.0459,0.9,0.932
3740,71.1254,0.8,0.944
3741,71.1383,0.8,0.952
3742,71.0251,0.9,0.952
3743,71.0895,0.8,0.928
3744,71.0427,0.9,0.964
3745,71.1268,0.6,0.924
3746,71.2515,0.7,0.928
3747,71.0778,0.9,0.968
3748,70.8689,0.9,0.956
3749,71.1287,1.0,0.964
3750,71.1703,0.8,0.944
3751,71.3022,0.8,0.932
3752,71.2001,0.9,0.928
3753,71.377,0.8,0.932
3754,70.9919,0.8,0.932
3755,71.1526,0.7,0.908
3756,71.1695,0.9,0.964
3757,71.0115,0.9,0.936
3758,70.9005,0.8,0.94
3759,71.2974,0.9,0.956
3760,71.1207,0.9,0.94
3761,71.2264,0.9,0.96
3762,71.0636,0.8,0.96
3763,71.1388,0.8,0.964
3764,71.341,0.9,0.956
3765,70.8205,0.8,0.908
3766,71.2677,0.8,0.92
3767,71.1144,0.9,0.92
3768,70.9098,0.8,0.916
3769,70.9763,0.8,0.928
3770,70.9327,0.9,0.952
3771,71.287,0.8,0.944
3772,71.1476,0.8,0.952
3773,71.319,0.9,0.924
3774,70.8394,0.9,0.908
3775,70.917,0.8,0.912
3776,71.2298,0.8,0.92
3777,71.3304,0.8,0.92
3778,70.9333,0.9,0.94
3779,71.3679,0.8,0.912
3780,71.1901,0.9,0.964
3781,71.2947,0.8,0.936
3782,71.2484,0.8,0.948
3783,71.3014,0.8,0.948
3784,71.2777,0.8,0.96
3785,70.9643,0.9,0.912
3786,71.0608,0.8,0.92
3787,71.065,0.8,0.948
3788,71.1347,0.8,0.944
3789,71.1479,0.9,0.96
3790,71.2404,0.9,0.952
3791,70.9312,0.9,0.892
3792,71.1131,0.9,0.936
3793,71.154,0.8,0.972
3794,70.9396,0.9,0.9
3795,71.1075,0.8,0.912
3796,71.1142,0.9,0.932
3797,71.301,0.8,0.92
3798,71.0535,0.8,0.928
3799,71.2044,0.8,0.968
3800,71.1141,0.8,0.968
3801,70.989,1.0,0.932
3802,70.9627,0.9,0.952
3803,71.0224,1.0,0.936
3804,71.1898,0.9,0.94
3805,71.2148,0.8,0.952
3806,71.5278,0.7,0.9
3807,70.9164,0.8,0.916
3808,70.8794,0.8,0.928
3809,71.1704,0.8,0.928
3810,71.2546,0.8,0.964
3811,71.1595,0.9,0.924
3812,71.0986,0.8,0.964
3813,71.0893,0.8,0.9
3814,71.027,0.9,0.896
3815,71.0463,0.8,0.932
3816,71.1221,1.0,0.972
3817,71.0802,0.7,0.932
3818,71.0,0.9,0.924
3819,71.0838,0.8,0.952
3820,71.1705,1.0,0.98
3821,71.1074,0.9,0.928
3822,71.0165,0.8,0.924
3823,71.0701,0.8,0.952
3824,70.9974,0.9,0.936
3825,70.8791,0.8,0.916
3826,71.2505,0.9,0.94
3827,71.0762,0.9,0.948
3828,70.9241,0.9,0.94
3829,71.1711,0.8,0.912
3830,71.1547,0.7,0.964
3831,70.8789,0.9,0.952
3832,70.9825,0.8,0.92
3833,71.1699,0.9,0.904
3834,71.1907,0.8,0.952
3835,71.1206,0.8,0.96
3836,71.212,0.9,0.964
3837,71.0635,0.8,0.912
3838,71.2704,0.8,0.888
3839,71.026,0.8,0.932
3840,71.2243,1.0,0.948
3841,71.2106,0.9,0.948
3842,71.1311,0.8,0.964
3843,71.2592,0.8,0.888
3844,71.1648,0.9,0.948
3845,71.0131,0.8,0.932
3846,71.0392,0.8,0.948
3847,71.0959,0.8,0.964
3848,71.0884,0.7,0.94
3849,71.0323,0.8,0.94
3850,71.0002,0.8,0.956
3851,70.9702,0.8,0.912
3852,70.8333,0.7,0.908
3853,71.0519,0.8,0.924
3854,71.3017,0.8,0.948
3855,71.2612,0.8,0.908
3856,71.164,0.7,0.948
3857,70.8335,0.7,0.884
3858,71.2915,0.8,0.948
3859,70.9935,1.0,0.956
3860,71.1162,0.7,0.916
3861,71.4267,0.8,0.904
3862,71.293,0.8,0.948
3863,71.2385,0.9,0.932
3864,71.0606,0.8,0.948
3865,71.0532,0.8,0.94
3866,71.0076,0.7,0.932
3867,71.1701,0.8,0.936
3868,70.8528,0.9,0.936
3869,70.9276,0.9,0.924
3870,71.0551,0.9,0.94
3871,71.3173,0.8,0.94
3872,71.382,0.7,0.932
3873,71.3469,0.8,0.92
3874,70.9723,0.9,0.94
3875,70.8986,0.8,0.872
3876,71.1191,0.8,0.94
3877,70.8641,0.9,0.96
3878,71.19,0.8,0.92
3879,70.9437,0.8,0.916
3880,71.0832,0.8,0.92
3881,70.9311,0.7,0.908
3882,71.0227,0.8,0.952
3883,71.0888,0.9,0.932
3884,71.1458,0.8,0.936
3885,71.0657,0.8,0.976
3886,70.9981,0.9,0.932
3887,71.2959,0.8,0.936
3888,71.0804,0.9,0.952
3889,70.9293,0.9,0.956
3890,70.9259,0.8,0.9
3891,70.8781,0.8,0.944
3892,70.7728,0.8,0.908
3893,71.2964,0.8,0.976
3894,71.1616,1.0,0.972
3895,70.8847,0.9,0.928
3896,71.3077,0.7,0.904
3897,70.8661,1.0,0.912
3898,71.2281,0.9,0.928
3899,71.1349,0.9,0.944
3900,70.9934,0.9,0.968
3901,70.9057,0.8,0.936
3902,71.1913,0.9,0.956
3903,70.9329,1.0,0.936
3904,71.1414,0.8,0.964
3905,70.8665,0.9,0.948
3906,71.096,0.9,0.936
3907,70.8624,0.9,0.936
3908,70.9277,0.9,0.948
3909,71.0021,1.0,0.972
3910,71.0513,0.5,0.908
3911,70.9291,0.8,0.916
3912,71.1087,1.0,0.944
3913,70.8165,0.8,0.904
3914,71.0227,0.8,0.94
3915,71.0167,0.8,0.956
3916,71.1091,1.0,0.972
3917,71.026,0.8,0.936
3918,71.1538,0.8,0.956
3919,71.1649,0.8,0.96
3920,71.1609,0.8,0.964
3921,71.3253,0.8,0.948
3922,71.308,0.7,0.916
3923,71.0285,0.8,0.96
3924,71.0594,0.8,0.948
3925,71.1879,0.9,0.932
3926,70.9927,0.9,0.932
3927,71.1541,0.8,0.932
3928,71.0082,0.9,0.924
3929,70.9704,0.9,0.928
3930,71.3246,0.8,0.964
3931,71.2134,0.8,0.968
3932,70.9244,0.8,0.916
3933,71.1899,0.8,0.98
3934,71.169,0.9,0.968
3935,71.2038,0.8,0.952
3936,71.0337,1.0,0.968
3937,71.1879,0.7,0.932
3938,71.086,0.8,0.948
3939,71.2006,0.8,0.936
3940,70.9551,0.7,0.912
3941,71.1338,1.0,0.964
3942,70.9382,0.9,0.924
3943,71.3226,0.6,0.912
3944,71.0371,0.9,0.948
3945,70.7873,0.9,0.928
3946,71.244,0.8,0.976
3947,71.0317,0.9,0.948
3948,71.2503,0.8,0.94
3949,71.3885,0.8,0.94
3950,70.8825,0.9,0.92
3951,70.943,0.9,0.912
3952,71.3042,0.8,0.968
3953,71.2541,0.8,0.96
3954,70.91,0.8,0.92
3955,71.1676,0.7,0.948
3956,71.0159,0.9,0.952
3957,71.4323,0.7,0.904
3958,71.0755,0.9,0.972
3959,71.1715,0.9,0.944
3960,71.1475,0.9,0.936
3961,71.0263,0.9,0.94
3962,71.1794,0.9,0.956
3963,71.2703,0.7,0.94
3964,71.2373,0.8,0.96
3965,71.2416,0.7,0.888
3966,71.1228,0.8,0.912
3967,71.2498,0.9,0.924
3968,70.8993,0.9,0.928
3969,71.0969,0.9,0.936
3970,71.0782,0.9,0.964
3971,70.9577,0.8,0.952
3972,71.1021,0.8,0.968
3973,70.9465,0.9,0.948
3974,71.1774,0.9,0.94
3975,70.9095,0.8,0.908
3976,71.3267,0.8,0.928
3977,71.1867,0.7,0.944
3978,70.9366,0.9,0.944
3979,71.0564,0.9,0.944
3980,71.3397,0.8,0.904
3981,71.2507,0.7,0.932
3982,71.3309,0.8,0.932
3983,71.4267,0.8,0.92
3984,70.8182,0.9,0.892
3985,71.1491,0.9,0.928
3986,71.13,0.8,0.952
3987,71.1999,0.9,0.972
3988,71.2811,0.6,0.944
3989,71.233,0.8,0.94
3990,71.3963,0.8,0.948
3991,71.3105,0.9,0.92
3992,71.2617,0.9,0.916
3993,70.8525,0.8,0.924
3994,71.3107,0.7,0.956
3995,71.0403,0.8,0.928
3996,71.036,0.8,0.944
3997,70.9114,0.9,0.908
3998,71.0327,0.9,0.936
3999,70.9783,0.9,0.96
4000,71.0054,0.8,0.932
4001,71.1056,0.7,0.924
4002,71.1306,0.9,0.956
4003,71.0497,0.8,0.96
4004,71.1175,0.8,0.948
4005,71.1366,1.0,0.924
4006,71.1579,0.7,0.952
4007,71.0559,0.8,0.944
4008,71.1052,0.8,0.972
4009,71.3144,0.7,0.932
4010,71.2466,0.7,0.932
4011,71.0585,0.8,0.94
4012,71.2083,0.8,0.912
4013,71.0651,0.8,0.944
4014,71.3762,0.7,0.956
4015,71.169,0.8,0.94
4016,71.0537,0.9,0.944
4017,71.4168,0.8,0.924
4018,70.9165,0.9,0.912
4019,71.1823,0.8,0.94
4020,70.9993,0.8,0.924
4021,71.3828,0.8,0.936
4022,71.0155,0.8,0.928
4023,71.0144,0.8,0.928
4024,71.1635,0.8,0.924
4025,70.9801,0.9,0.928
4026,71.3633,0.7,0.944
4027,71.2455,0.9,0.944
4028,71.0905,0.8,0.944
4029,71.144,0.8,0.976
4030,71.0682,0.9,0.916
4031,71.1516,0.8,0.956
4032,70.9847,0.7,0.924
4033,71.0832,0.9,0.956
4034,70.9739,0.8,0.948
4035,71.1526,0.8,0.964
4036,71.0089,0.9,0.96
4037,71.0066,0.7,0.864
4038,71.1684,0.8,0.924
4039,71.2417,0.8,0.956
4040,71.0494,0.9,0.94
4041,71.0018,0.8,0.932
4042,71.2129,0.8,0.952
4043,71.3097,0.9,0.904
4044,70.9021,0.9,0.92
4045,70.7863,0.7,0.896
4046,71.061,0.8,0.948
4047,71.3185,0.7,0.9
4048,71.0083,0.8,0.932
4049,71.1792,0.8,0.9
4050,71.3564,0.8,0.932
4051,70.9303,0.7,0.912
4052,71.154,0.8,0.96
4053,71.0739,0.9,0.94
4054,70.8775,0.8,0.932
4055,71.1673,0.8,0.96
4056,70.8421,0.9,0.912
4057,70.8472,0.8,0.928
4058,70.8449,0.9,0.916
4059,71.1006,0.7,0.928
4060,71.0718,0.8,0.9
4061,70.9655,0.9,0.948
4062,71.1512,0.8,0.936
4063,71.1287,0.9,0.956
4064,71.0302,0.8,0.924
4065,71.1257,1.0,0.96
4066,71.0936,0.9,0.972
4067,71.1354,0.8,0.952
4068,71.0238,0.8,0.936
4069,71.0684,0.9,0.948
4070,70.9925,1.0,0.96
4071,71.1279,0.7,0.9
4072,71.1822,0.7,0.924
4073,71.1903,0.9,0.944
4074,71.0301,0.8,0.916
4075,70.9683,0.9,0.956
4076,70.9365,0.7,0.912
4077,71.1255,0.7,0.94
4078,70.904,0.8,0.928
4079,71.1452,0.8,0.932
4080,71.0429,0.8,0.952
4081,71.1605,0.7,0.92
4082,71.0901,0.9,0.964
4083,70.9396,0.8,0.9
4084,71.0958,0.9,0.948
4085,71.1977,0.8,0.964
4086,71.1498,0.8,0.952
4087,71.0542,0.7,0.912
4088,71.2024,0.9,0.956
4089,70.9942,0.9,0.952
4090,70.914,0.7,0.908
4091,70.9965,0.8,0.928
4092,71.1323,0.7,0.9
4093,71.4112,0.7,0.912
4094,71.0426,0.7,0.916
4095,71.2414,0.9,0.932
4096,71.3182,0.8,0.916
4097,71.0279,0.8,0.952
4098,70.914,0.9,0.94
4099,71.346,0.8,0.92
4100,71.0882,0.9,0.948
4101,71.1235,1.0,0.96
4102,70.8813,0.7,0.9
4103,71.1804,1.0,0.948
4104,71.0702,0.7,0.932
4105,71.0669,0.9,0.928
4106,71.1945,0.8,0.96
4107,71.0322,1.0,0.944
4108,71.1416,0.8,0.912
4109,71.1411,0.7,0.932
4110,71.0566,0.8,0.924
4111,70.9411,0.9,0.924
4112,71.0561,1.0,0.932
4113,71.208,0.9,0.948
4114,70.872,0.7,0.892
4115,71.0422,0.8,0.944
4116,71.1862,0.8,0.952
4117,71.2356,0.9,0.948
4118,70.875,0.9,0.932
4119,71.2676,0.8,0.9
4120,70.7581,0.8,0.896
4121,70.9637,1.0,0.948
4122,71.1168,1.0,0.956
4123,70.983,0.8,0.932
4124,71.1733,0.9,0.952
4125,71.2106,0.8,0.944
4126,70.9829,1.0,0.94
4127,71.0146,0.8,0.956
4128,70.8569,0.7,0.932
4129,71.0233,0.7,0.884
4130,71.0552,1.0,0.964
4131,71.3904,0.7,0.916
4132,71.1684,0.9,0.952
4133,71.1829,1.0,0.96
4134,71.2676,0.8,0.932
4135,71.2324,0.6,0.94
4136,71.2928,0.6,0.9
4137,71.0732,0.8,0.94
4138,71.1571,0.8,0.932
4139,71.2682,0.8,0.936
4140,71.0926,0.8,0.952
4141,70.9277,0.8,0.944
4142,70.8395,0.9,0.936
4143,71.2607,0.9,0.964
4144,70.9513,0.9,0.956
4145,71.0679,0.8,0.912
4146,71.1915,0.8,0.92
4147,71.1523,0.8,0.972
4148,71.1655,1.0,0.944
4149,71.0901,0.9,0.924
4150,71.2628,0.7,0.96
4151,71.3303,0.8,0.956
4152,71.1306,0.8,0.924
4153,70.9903,0.9,0.944
4154,71.1688,0.9,0.948
4155,71.0016,0.9,0.968
4156,71.3158,0.9,0.948
4157,70.9164,0.8,0.928
4158,70.7967,0.8,0.936
4159,70.9251,0.9,0.96
4160,71.1061,1.0,0.984
4161,71.1658,0.9,0.928
4162,71.2686,0.7,0.952
4163,71.0546,0.7,0.92
4164,71.093,0.8,0.908
4165,70.8386,1.0,0.892
4166,71.102,0.8,0.964
4167,71.1069,0.7,0.908
4168,71.2437,0.9,0.936
4169,71.2023,0.8,0.932
4170,71.0552,0.7,0.924
4171,71.3118,0.7,0.916
4172,71.062,0.8,0.944
4173,71.1042,0.8,0.92
4174,71.1243,0.8,0.888
4175,71.1555,0.9,0.964
4176,71.316,0.6,0.916
4177,71.1463,0.7,0.908
4178,70.984,0.8,0.936
4179,71.1542,0.9,0.968
4180,70.9231,0.8,0.908
4181,70.9309,0.8,0.888
4182,71.3202,0.8,0.944
4183,71.1634,0.7,0.964
4184,71.1735,0.6,0.944
4185,71.3878,0.7,0.904
4186,71.0617,0.9,0.936
4187,70.9999,1.0,0.94
4188,71.0076,0.9,0.9
4189,71.1818,0.9,0.948
4190,71.1665,0.9,0.968
4191,71.0625,0.9,0.956
4192,70.9709,0.9,0.916
4193,71.2156,0.9,0.972
4194,70.9699,0.9,0.92
4195,70.9417,0.9,0.92
4196,71.3125,0.8,0.948
4197,71.2574,0.8,0.924
4198,71.0157,0.8,0.936
4199,70.8652,0.8,0.928
4200,71.0013,0.8,0.952
4201,71.1459,0.8,0.908
4202,71.1669,0.9,0.944
4203,71.0684,0.9,0.964
4204,70.9369,0.9,0.936
4205,71.2217,0.9,0.92
4206,71.132,0.7,0.912
4207,71.2248,0.8,0.944
4208,71.2127,0.8,0.956
4209,71.1617,0.8,0.936
4210,70.9761,0.8,0.944
4211,71.3047,0.7,0.94
4212,70.9048,0.9,0.952
4213,71.1237,1.0,0.968
4214,71.084,0.8,0.96
4215,71.0548,0.8,0.924
4216,71.1638,0.8,0.948
4217,71.279,0.8,0.92
4218,71.0169,0.8,0.924
4219,70.8973,0.8,0.936
4220,71.0812,0.7,0.96
4221,70.9671,0.9,0.896
4222,71.1019,0.9,0.952
4223,71.101,0.8,0.908
4224,71.394,0.8,0.928
4225,71.1454,0.9,0.952
4226,70.9598,0.8,0.94
4227,70.9815,1.0,0.936
4228,71.31,0.7,0.956
4229,71.1104,0.8,0.96
4230,71.0819,0.8,0.948
4231,71.1825,0.8,0.876
4232,71.2396,0.9,0.932
4233,70.8864,0.8,0.92
4234,71.1267,0.8,0.972
4235,70.8876,0.9,0.904
4236,70.8516,0.8,0.928
4237,71.1919,0.9,0.904
4238,70.9961,0.9,0.936
4239,71.219,0.9,0.948
4240,71.0037,0.9,0.96
4241,70.8639,0.9,0.896
4242,71.2512,0.8,0.924
4243,71.124,0.8,0.956
4244,71.2247,0.7,0.936
4245,71.2906,0.6,0.94
4246,71.2081,0.8,0.916
4247,71.0769,0.7,0.944
4248,70.9527,0.8,0.904
4249,71.1229,0.8,0.96
4250,71.4261,0.8,0.9
4251,70.9935,0.8,0.936
4252,70.851,0.9,0.932
4253,70.9868,0.8,0.932
4254,71.1518,0.8,0.952
4255,71.135,0.8,0.928
4256,71.2003,0.9,0.912
4257,71.13,0.8,0.984
4258,70.9576,0.9,0.924
4259,71.2748,0.8,0.912
4260,71.2361,0.7,0.916
4261,71.0029,1.0,0.932
4262,71.0496,0.9,0.924
4263,70.8825,0.9,0.932
4264,71.1656,0.9,0.956
4265,71.3016,0.9,0.92
4266,71.0728,0.9,0.952
4267,71.0432,0.9,0.94
4268,71.0481,0.9,0.948
4269,71.0218,1.0,0.956
4270,71.2585,0.8,0.92
4271,71.2518,0.9,0.952
4272,71.2443,0.7,0.956
4273,71.0621,0.8,0.936
4274,71.2126,0.7,0.968
4275,71.0469,0.9,0.94
4276,71.1758,0.9,0.968
4277,71.2649,0.9,0.956
4278,70.9711,0.8,0.916
4279,71.2906,0.8,0.924
4280,71.0602,0.8,0.948
4281,71.1825,0.8,0.98
4282,71.3221,0.7,0.936
4283,71.0149,1.0,0.936
4284,71.1016,0.8,0.94
4285,71.1196,0.8,0.956
4286,71.23,0.9,0.964
4287,71.0787,0.9,0.928
4288,71.1466,0.8,0.9
4289,71.1029,0.9,0.964
4290,71.0408,0.8,0.952
4291,70.9881,1.0,0.948
4292,71.0917,0.9,0.952
4293,71.0457,0.9,0.936
4294,71.15,0.8,0.96
4295,70.9448,0.8,0.884
4296,70.9718,0.8,0.948
4297,71.168,0.8,0.912
4298,71.3098,0.8,0.924
4299,71.0884,0.8,0.912
4300,71.1136,0.8,0.952
4301,70.9864,0.8,0.88
4302,71.3328,0.8,0.928
4303,71.1773,0.8,0.916
4304,70.8242,0.8,0.924
4305,71.0206,0.9,0.9
4306,70.8652,0.8,0.904
4307,71.2388,0.7,0.94
4308,71.1788,0.8,0.944
4309,71.02,0.8,0.952
4310,70.9919,0.7,0.92
4311,70.9271,0.9,0.912
4312,71.0792,0.9,0.98
4313,71.3524,0.8,0.964
4314,71.2007,0.7,0.956
4315,71.0018,0.8,0.948
4316,71.2073,0.9,0.944
4317,71.1175,0.9,0.956
4318,71.0809,0.8,0.94
4319,71.0175,0.9,0.924
4320,71.0646,0.8,0.948
4321,71.089,0.8,0.948
4322,71.1092,0.9,0.932
4323,70.8466,0.9,0.928
4324,71.2373,0.8,0.944
4325,71.3581,0.7,0.936
4326,71.0664,1.0,0.936
4327,71.3297,0.7,0.904
4328,71.0084,0.8,0.928
4329,70.7627,0.8,0.896
4330,71.0176,0.9,0.936
4331,71.0042,0.9,0.908
4332,71.1685,0.9,0.948
4333,71.0677,0.7,0.928
4334,71.1058,0.8,0.972
4335,71.2932,0.8,0.944
4336,71.2898,0.8,0.948
4337,71.2486,0.9,0.912
4338,70.9293,0.8,0.936
4339,71.0108,0.7,0.94
4340,71.0453,1.0,0.94
4341,71.3201,0.9,0.936
4342,71.238,0.7,0.956
4343,71.0082,0.8,0.952
4344,71.3818,0.8,0.944
4345,71.0643,0.8,0.936
4346,71.1697,0.8,0.964
4347,71.2228,0.9,0.96
4348,70.9546,0.9,0.944
4349,71.0655,0.7,0.908
4350,71.1999,0.8,0.968
4351,71.297,0.9,0.94
4352,71.0094,0.8,0.956
4353,71.0394,0.8,0.888
4354,71.3247,0.8,0.96
4355,70.9914,0.8,0.948
4356,71.0346,1.0,0.916
4357,70.9896,0.9,0.904
4358,71.1493,0.8,0.928
4359,71.0665,0.9,0.964
4360,71.0053,0.8,0.952
4361,71.265,0.7,0.944
4362,70.9881,1.0,0.94
4363,71.1408,0.8,0.92
4364,71.0126,0.8,0.896
4365,71.3106,0.6,0.944
4366,71.1471,0.8,0.932
4367,71.1398,0.8,0.952
4368,71.085,0.9,0.912
4369,71.0406,0.8,0.944
4370,70.9092,0.7,0.928
4371,71.1394,0.9,0.972
4372,71.1166,0.9,0.94
4373,71.0232,0.9,0.968
4374,71.3586,0.7,0.9
4375,70.89,0.7,0.904
4376,71.063,1.0,0.928
4377,71.2142,0.8,0.924
4378,71.0052,0.9,0.92
4379,71.1458,0.8,0.952
4380,71.3535,0.8,0.912
4381,71.1223,1.0,0.964
4382,71.0239,0.8,0.896
4383,71.0403,0.8,0.952
4384,71.0493,0.8,0.956
4385,71.3166,0.8,0.94
4386,71.2218,0.9,0.932
4387,71.2865,0.7,0.936
4388,70.879,0.9,0.908
4389,71.024,0.8,0.9
4390,71.1797,0.9,0.916
4391,70.9396,0.9,0.948
4392,71.0738,1.0,0.956
4393,70.8966,0.9,0.896
4394,71.1757,0.8,0.972
4395,71.2406,0.9,0.912
4396,70.9723,0.7,0.936
4397,71.0029,0.8,0.936
4398,71.2603,0.8,0.956
4399,71.1715,0.8,0.952
4400,71.34,0.8,0.932
4401,71.1514,0.8,0.944
4402,70.9766,0.8,0.916
4403,71.0812,0.8,0.968
4404,71.3168,0.9,0.94
4405,71.4087,0.7,0.916
4406,70.7158,0.8,0.912
4407,70.9289,0.8,0.952
4408,70.9389,0.9,0.936
4409,71.0001,0.8,0.94
4410,71.1196,0.8,0.948
4411,71.3059,0.8,0.936
4412,71.0759,0.9,0.908
4413,71.279,0.7,0.916
4414,71.3596,0.8,0.944
4415,71.3066,0.8,0.924
4416,70.995,0.9,0.9
4417,70.9224,0.9,0.952
4418,71.114,0.8,0.94
4419,71.0981,0.9,0.916
4420,70.9437,0.9,0.928
4421,71.0933,0.8,0.952
4422,71.0125,0.9,0.94
4423,70.8447,0.8,0.936
4424,71.1002,0.7,0.892
4425,71.0195,0.9,0.924
4426,70.9975,0.9,0.928
4427,71.1008,0.8,0.908
4428,71.1923,0.9,0.968
4429,71.1611,0.7,0.928
4430,71.3484,0.8,0.916
4431,71.2687,0.8,0.956
4432,71.1193,0.8,0.956
4433,70.9274,0.9,0.932
4434,71.1164,1.0,0.96
4435,71.4155,0.7,0.94
4436,70.9515,0.9,0.92
4437,70.8773,0.9,0.94
4438,71.1522,0.9,0.968
4439,71.0276,0.8,0.948
4440,71.2882,0.6,0.888
4441,70.8702,0.9,0.916
4442,71.0783,0.7,0.944
4443,71.024,0.8,0.94
4444,71.3015,0.8,0.908
4445,71.0583,0.8,0.944
4446,70.865,0.8,0.872
4447,70.9545,0.8,0.924
4448,71.2236,0.7,0.94
4449,71.2069,0.7,0.968
4450,70.8083,0.7,0.884
4451,71.0048,0.9,0.924
4452,71.0877,1.0,0.928
4453,71.1535,0.9,0.932
4454,71.0182,0.8,0.928
4455,70.9775,0.8,0.9
4456,71.2401,0.8,0.956
4457,71.2251,0.7,0.944
4458,70.827,0.9,0.9
4459,71.1277,0.8,0.948
4460,71.1693,0.8,0.972
4461,71.2709,0.8,0.932
4462,70.8509,0.7,0.896
4463,71.2526,0.9,0.92
4464,70.9983,0.9,0.92
4465,70.9428,0.7,0.868
4466,70.9427,0.8,0.932
4467,71.428,0.8,0.936
4468,71.1465,0.8,0.904
4469,71.1814,0.9,0.928
4470,71.1073,0.9,0.956
4471,71.0436,1.0,0.956
4472,71.044,0.9,0.928
4473,71.3593,0.8,0.936
4474,71.1109,0.8,0.94
4475,71.1419,0.8,0.956
4476,71.1307,0.9,0.944
4477,71.238,0.9,0.936
4478,71.4513,0.8,0.904
4479,71.0896,0.9,0.972
4480,71.2665,0.9,0.928
4481,71.1701,0.8,0.92
4482,71.1805,0.8,0.96
4483,70.9008,0.8,0.904
4484,71.1618,0.8,0.928
4485,71.0219,0.9,0.976
4486,71.0487,0.9,0.932
4487,71.2136,0.8,0.968
4488,71.1702,0.8,0.96
4489,70.9253,0.9,0.9
4490,71.0031,0.9,0.972
4491,70.8604,0.9,0.888
4492,70.7123,0.8,0.908
4493,71.1084,0.9,0.956
4494,70.9177,0.8,0.94
4495,71.2493,0.8,0.94
4496,71.2967,0.7,0.936
4497,70.9653,0.9,0.924
4498,71.009,0.8,0.948
4499,71.1804,0.8,0.936
4500,71.1368,0.9,0.948
4501,71.0577,0.9,0.956
4502,71.0621,0.9,0.96
4503,71.0652,0.9,0.964
4504,71.0352,0.9,0.96
4505,71.3279,0.9,0.908
4506,70.8708,0.8,0.944
4507,71.0117,0.8,0.908
4508,71.2332,0.8,0.952
4509,71.0648,0.8,0.876
4510,71.1427,0.9,0.968
4511,71.167,0.9,0.972
4512,71.1578,0.8,0.968
4513,71.2307,0.9,0.972
4514,70.804,0.8,0.932
4515,71.1216,0.8,0.96
4516,71.1126,0.9,0.972
4517,71.2115,0.8,0.936
4518,71.3583,0.8,0.948
4519,70.9962,0.9,0.948
4520,71.4107,0.8,0.888
4521,71.1019,0.8,0.928
4522,71.1273,0.8,0.972
4523,70.901,0.7,0.936
4524,71.0445,0.7,0.916
4525,71.2096,0.8,0.968
4526,70.9677,0.8,0.9
4527,71.3031,0.8,0.888
4528,71.0705,0.8,0.944
4529,71.0572,0.8,0.924
4530,70.931,0.8,0.924
4531,71.0178,0.7,0.94
4532,71.3762,0.8,0.908
4533,71.0454,0.6,0.924
4534,71.2584,0.9,0.96
4535,70.9105,0.9,0.952
4536,70.9365,0.9,0.928
4537,70.9769,0.9,0.928
4538,70.9509,0.9,0.92
4539,71.1739,0.8,0.976
4540,71.1701,0.8,0.94
4541,71.2119,0.9,0.94
4542,70.9173,0.9,0.92
4543,71.1359,0.8,0.944
4544,71.0177,1.0,0.928
4545,71.2596,0.8,0.932
4546,71.0803,0.7,0.916
4547,71.0032,0.9,0.912
4548,71.2914,0.8,0.908
4549,71.1047,0.8,0.952
4550,70.9714,0.9,0.896
4551,71.0169,0.9,0.964
4552,71.2475,0.8,0.952
4553,71.3131,0.7,0.944
4554,71.1818,0.9,0.948
4555,71.0771,0.8,0.932
4556,71.2544,0.8,0.908
4557,71.0677,0.8,0.928
4558,70.9935,0.9,0.94
4559,71.0954,0.7,0.904
4560,71.0291,0.8,0.916
4561,71.1266,0.9,0.972
4562,70.8886,0.9,0.92
4563,70.9682,0.8,0.956
4564,70.8691,0.8,0.932
4565,71.21,0.8,0.964
4566,71.2325,0.9,0.928
4567,71.0551,0.8,0.948
4568,71.0559,0.8,0.944
4569,71.15,0.9,0.956
4570,71.1336,1.0,0.98
4571,71.3031,0.7,0.956
4572,70.9717,1.0,0.952
4573,71.1081,0.7,0.94
4574,71.0337,0.9,0.98
4575,71.1864,0.8,0.912
4576,71.0084,0.8,0.916
4577,71.2116,0.8,0.96
4578,71.0638,0.9,0.912
4579,71.1545,0.8,0.968
4580,71.256,0.8,0.944
4581,70.698,0.8,0.912
4582,71.0701,0.8,0.952
4583,71.2674,0.9,0.964
4584,71.2095,0.8,0.904
4585,71.0561,0.8,0.932
4586,71.0526,0.8,0.912
4587,71.1249,0.8,0.988
4588,70.8837,0.8,0.924
4589,70.8793,0.8,0.928
4590,71.0879,0.9,0.968
4591,70.7902,0.8,0.884
4592,71.2417,0.8,0.964
4593,71.0933,1.0,0.968
4594,71.0446,0.9,0.964
4595,71.3375,0.8,0.928
4596,71.2353,0.8,0.948
4597,71.3956,0.8,0.92
4598,71.0072,0.9,0.912
4599,71.1724,0.8,0.924
4600,70.7915,0.8,0.872
4601,71.1808,0.8,0.94
4602,70.8653,0.9,0.932
4603,71.0694,0.8,0.944
4604,70.9552,0.9,0.94
4605,71.3758,0.8,0.916
4606,71.077,0.8,0.956
4607,71.3605,0.7,0.944
4608,71.0424,0.8,0.952
4609,71.1434,0.9,0.936
4610,71.1324,0.9,0.96
4611,71.1245,0.8,0.956
4612,71.3396,0.8,0.924
4613,71.0158,1.0,0.936
4614,71.0802,0.9,0.896
4615,70.8341,0.8,0.916
4616,70.9981,0.8,0.904
4617,71.037,0.6,0.932
4618,71.2576,0.7,0.908
4619,71.0291,0.8,0.956
4620,71.1028,0.8,0.936
4621,71.3189,0.8,0.952
4622,71.2974,0.8,0.94
4623,71.0607,0.9,0.936
4624,71.2033,0.7,0.952
4625,71.1055,0.8,0.952
4626,70.9966,0.9,0.96
4627,70.8057,0.8,0.912
4628,70.9556,0.9,0.94
4629,71.0508,0.9,0.952
4630,71.1568,0.8,0.944
4631,71.2198,0.9,0.932
4632,71.0207,0.8,0.944
4633,71.121,0.8,0.944
4634,71.1166,1.0,0.968
4635,71.171,1.0,0.948
4636,71.3632,0.8,0.936
4637,71.2051,0.7,0.96
4638,71.0481,0.9,0.964
4639,71.3613,0.8,0.944
4640,71.0289,0.8,0.952
4641,70.9981,0.8,0.948
4642,71.2196,0.8,0.948
4643,70.893,0.7,0.904
4644,71.1008,0.8,0.932
4645,71.1195,0.8,0.936
4646,71.2132,0.8,0.952
4647,71.1808,0.9,0.936
4648,71.5047,0.8,0.896
4649,71.0004,0.8,0.912
4650,71.0224,1.0,0.972
4651,70.8356,0.9,0.928
4652,71.2293,0.9,0.928
4653,70.978,0.8,0.912
4654,71.2109,0.8,0.948
4655,70.9351,0.9,0.948
4656,70.8807,0.8,0.936
4657,71.3741,0.8,0.908
4658,71.1993,0.8,0.976
4659,71.0991,0.9,0.936
4660,70.956,0.9,0.96
4661,71.101,1.0,0.976
4662,71.1643,0.8,0.944
4663,71.2764,0.6,0.896
4664,70.9335,0.8,0.912
4665,70.9524,0.8,0.916
4666,70.9564,0.8,0.952
4667,71.0196,0.9,0.928
4668,70.9272,0.9,0.924
4669,71.2265,0.7,0.968
4670,71.1103,0.8,0.968
4671,71.1703,0.9,0.944
4672,71.1358,0.7,0.932
4673,71.0205,1.0,0.952
4674,71.2656,0.8,0.924
4675,71.027,0.9,0.936
4676,71.3152,0.7,0.908
4677,71.2451,0.8,0.948
4678,71.215,0.8,0.976
4679,71.018,1.0,0.92
4680,71.2202,0.9,0.928
4681,71.3453,0.8,0.932
4682,71.0911,0.8,0.948
4683,70.8447,0.8,0.952
4684,71.1545,0.9,0.944
4685,71.1977,0.8,0.948
4686,71.1887,0.8,0.968
4687,70.999,0.8,0.936
4688,71.2562,0.8,0.952
4689,71.1913,0.8,0.908
4690,71.2151,0.9,0.944
4691,71.0655,0.8,0.936
4692,71.0049,0.8,0.892
4693,71.0486,0.9,0.944
4694,71.0867,0.8,0.964
4695,71.1498,1.0,0.936
4696,71.2281,0.9,0.964
4697,71.0107,0.7,0.916
4698,71.3299,0.7,0.864
4699,71.1731,0.8,0.952
4700,70.8121,0.6,0.84
4701,71.0822,0.9,0.948
4702,70.8598,0.7,0.928
4703,71.1438,0.9,0.932
4704,71.1903,0.8,0.964
4705,71.2229,0.8,0.928
4706,70.9532,0.9,0.912
4707,71.1026,0.8,0.912
4708,71.2689,0.7,0.888
4709,70.8895,0.9,0.92
4710,71.1393,0.9,0.936
4711,70.8484,0.7,0.892
4712,71.2904,0.8,0.96
4713,71.1399,0.8,0.944
4714,71.2443,0.8,0.94
4715,71.2083,0.8,0.968
4716,71.0523,1.0,0.972
4717,71.3764,0.9,0.912
4718,71.0364,0.9,0.956
4719,70.8828,0.8,0.932
4720,71.1832,0.9,0.968
4721,71.3244,0.8,0.916
4722,70.9712,0.8,0.916
4723,71.0133,0.8,0.936
4724,71.0517,0.8,0.908
4725,70.7785,0.8,0.924
4726,70.8581,0.8,0.868
4727,71.1526,1.0,0.96
4728,71.0715,0.9,0.952
4729,71.0882,0.7,0.916
4730,70.9203,0.9,0.948
4731,71.1931,0.9,0.932
4732,71.0375,0.8,0.936
4733,71.303,0.8,0.9
4734,71.0327,0.8,0.936
4735,71.2825,0.9,0.948
4736,71.0169,0.8,0.928
4737,70.9736,0.9,0.956
4738,71.1934,0.9,0.932
4739,71.2651,0.9,0.932
4740,71.2412,0.9,0.936
4741,70.9809,0.8,0.952
4742,71.0404,0.8,0.916
4743,71.0455,1.0,0.98
4744,71.239,0.8,0.952
4745,70.8735,0.9,0.932
4746,71.1914,0.8,0.92
4747,71.1704,0.9,0.96
4748,71.0725,0.9,0.924
4749,71.2353,0.9,0.932
4750,71.0221,1.0,0.956
4751,71.0512,0.8,0.924
4752,70.82,0.8,0.92
4753,71.3139,0.7,0.916
4754,71.3187,0.9,0.92
4755,71.2562,0.9,0.952
4756,70.8468,0.7,0.928
4757,70.8506,0.9,0.912
4758,71.0209,0.9,0.948
4759,71.0733,0.9,0.964
4760,70.8943,0.8,0.932
4761,71.0817,0.8,0.944
4762,71.0825,0.9,0.96
4763,70.8755,0.8,0.924
4764,71.0052,0.9,0.94
4765,71.2251,0.8,0.976
4766,71.1311,0.7,0.936
4767,71.0715,0.9,0.948
4768,71.3549,0.8,0.908
4769,71.0657,0.9,0.956
4770,71.2662,0.8,0.944
4771,70.9211,0.8,0.904
4772,71.0801,0.9,0.968
4773,71.3267,0.8,0.92
4774,71.0962,0.8,0.936
4775,71.0403,0.8,0.884
4776,70.9373,0.8,0.936
4777,71.2687,0.8,0.932
4778,71.1093,0.8,0.944
4779,71.0286,0.9,0.968
4780,70.977,0.8,0.956
4781,71.3,0.8,0.964
4782,70.9224,0.9,0.916
4783,70.9815,0.7,0.952
4784,70.9706,0.8,0.924
4785,71.1429,0.9,0.936
4786,71.0489,0.9,0.916
4787,70.9966,0.9,0.96
4788,71.1103,0.8,0.968
4789,71.2108,0.8,0.948
4790,70.9798,0.9,0.968
4791,71.239,0.8,0.912
4792,71.2604,0.7,0.944
4793,71.3362,0.7,0.94
4794,71.2964,0.8,0.904
4795,71.0833,0.9,0.932
4796,71.0245,0.9,0.936
4797,71.1817,0.7,0.944
4798,71.2722,0.8,0.968
4799,70.9827,1.0,0.952
4800,71.1101,1.0,0.964
4801,71.1257,1.0,0.964
4802,71.1589,0.9,0.948
4803,71.2144,0.7,0.952
4804,71.3774,0.8,0.924
4805,71.1987,0.7,0.952
4806,71.0692,0.9,0.952
4807,70.9334,0.8,0.912
4808,71.2117,0.8,0.956
4809,71.2667,0.8,0.964
4810,71.0339,0.7,0.936
4811,70.9341,0.9,0.948
4812,71.2091,0.7,0.908
4813,71.1089,0.7,0.948
4814,71.1722,0.9,0.94
4815,71.1813,0.8,0.944
4816,71.1313,0.8,0.956
4817,71.1558,0.8,0.96
4818,71.1467,0.9,0.956
4819,71.0251,0.9,0.932
4820,71.126,0.6,0.908
4821,70.7575,0.8,0.892
4822,70.7917,0.8,0.896
4823,70.9159,0.8,0.932
4824,71.2599,0.8,0.944
4825,71.2571,0.8,0.94
4826,71.1756,0.9,0.944
4827,71.2528,0.8,0.936
4828,71.0538,0.8,0.94
4829,71.2267,0.9,0.952
4830,71.2447,0.8,0.952
4831,70.8836,0.9,0.916
4832,70.8011,0.8,0.92
4833,71.0266,0.9,0.948
4834,70.8748,0.9,0.944
4835,70.9607,0.8,0.932
4836,71.2525,0.9,0.932
4837,71.2818,0.8,0.924
4838,71.0416,0.7,0.904
4839,70.9075,0.9,0.968
4840,71.2903,0.9,0.964
4841,71.2696,0.8,0.968
4842,71.4779,0.8,0.904
4843,71.2275,0.8,0.944
4844,71.0257,0.9,0.908
4845,71.0289,0.8,0.944
4846,71.0273,0.8,0.92
4847,71.1832,0.8,0.956
4848,71.3737,0.8,0.952
4849,71.2278,0.8,0.952
4850,71.1252,0.8,0.98
4851,71.4018,0.6,0.936
4852,70.9941,0.8,0.956
4853,71.0365,0.9,0.916
4854,71.2993,0.7,0.96
4855,71.0543,0.8,0.928
4856,70.8883,0.9,0.944
4857,71.1983,0.7,0.92
4858,71.1045,0.8,0.908
4859,71.1166,1.0,0.972
4860,71.2338,0.6,0.872
4861,71.1954,0.8,0.96
4862,71.0469,0.8,0.952
4863,71.0825,0.9,0.952
4864,70.9214,0.9,0.92
4865,71.2821,0.8,0.948
4866,71.0845,0.9,0.956
4867,71.211,0.8,0.952
4868,70.9522,0.8,0.944
4869,71.0037,0.8,0.924
4870,71.111,0.8,0.96
4871,71.1962,0.9,0.96
4872,70.9719,1.0,0.936
4873,71.1447,0.8,0.94
4874,71.3272,0.8,0.94
4875,70.995,0.9,0.948
4876,71.0963,0.8,0.944
4877,71.252,0.9,0.972
4878,71.0511,0.9,0.924
4879,71.1189,0.7,0.916
4880,71.0495,0.8,0.928
4881,70.915,0.9,0.908
4882,71.056,0.8,0.984
4883,71.4469,0.8,0.94
4884,70.7924,0.8,0.928
4885,71.1162,1.0,0.944
4886,70.836,0.8,0.924
4887,70.9776,0.8,0.956
4888,71.1392,0.8,0.96
4889,71.0157,1.0,0.96
4890,71.0295,0.8,0.952
4891,71.0575,0.9,0.96
4892,71.129,0.9,0.944
4893,70.849,0.7,0.924
4894,71.0469,0.9,0.96
4895,71.1768,0.8,0.948
4896,71.0028,0.9,0.956
4897,71.1257,0.9,0.932
4898,70.8751,0.8,0.924
4899,70.8928,0.7,0.904
4900,71.0372,0.8,0.94
4901,71.0736,0.9,0.96
4902,70.9727,0.9,0.94
4903,71.0979,0.8,0.94
4904,71.1108,0.8,0.952
4905,70.9396,0.8,0.944
4906,71.2108,0.9,0.968
4907,71.045,1.0,0.932
4908,71.2035,0.8,0.94
4909,70.831,0.8,0.928
4910,70.9646,1.0,0.928
4911,71.3631,0.8,0.92
4912,71.3014,0.6,0.932
4913,71.027,0.9,0.968
4914,71.4302,0.8,0.896
4915,71.0661,0.8,0.928
4916,70.868,0.8,0.956
4917,70.8508,0.8,0.9
4918,71.3264,0.8,0.952
4919,71.2645,0.9,0.936
4920,70.9675,0.9,0.96
4921,71.0854,0.9,0.916
4922,71.1985,0.8,0.924
4923,71.2721,0.8,0.96
4924,71.2708,0.8,0.968
4925,71.0626,0.8,0.92
4926,70.9203,0.7,0.924
4927,71.0511,0.8,0.904
4928,71.1254,0.9,0.956
4929,71.1722,0.8,0.932
4930,71.0579,0.9,0.932
4931,71.0471,0.8,0.912
4932,71.1585,0.8,0.948
4933,71.1983,0.8,0.94
4934,71.1273,0.8,0.956
4935,71.1281,0.8,0.944
4936,71.1776,0.8,0.94
4937,70.9312,0.8,0.932
4938,71.2571,0.7,0.928
4939,71.2335,0.8,0.956
4940,70.924,0.8,0.908
4941,71.04,0.9,0.952
4942,71.1477,0.7,0.932
4943,71.0207,0.8,0.92
4944,71.1907,0.9,0.956
4945,71.2595,0.8,0.932
4946,70.8646,0.9,0.932
4947,70.9048,0.8,0.908
4948,71.0176,1.0,0.908
4949,71.3181,0.7,0.956
4950,71.2303,0.7,0.952
4951,71.2352,0.8,0.96
4952,71.0559,0.8,0.96
4953,70.7637,0.7,0.904
4954,71.126,0.7,0.94
4955,70.9711,0.8,0.94
4956,71.3419,0.8,0.92
4957,71.4365,0.8,0.92
4958,71.1462,0.8,0.932
4959,71.215,0.9,0.952
4960,71.2585,0.8,0.968
4961,70.8333,0.9,0.932
4962,71.2186,0.7,0.976
4963,71.2443,0.7,0.912
4964,71.2707,0.8,0.952
4965,70.8639,0.7,0.928
4966,70.9035,0.8,0.92
4967,71.0529,0.8,0.944
4968,70.9288,0.8,0.908
4969,70.9792,0.8,0.932
4970,71.0347,0.8,0.924
4971,71.1107,0.8,0.948
4972,71.3191,0.8,0.944
4973,71.1987,0.7,0.968
4974,71.0071,0.9,0.904
4975,71.2511,0.8,0.916
4976,71.0237,0.8,0.952
4977,71.3188,0.8,0.912
4978,71.1029,0.8,0.94
4979,71.1744,0.8,0.952
4980,71.2479,0.9,0.908
4981,71.071,0.6,0.928
4982,71.2911,0.8,0.94
4983,71.113,0.7,0.924
4984,71.3114,0.8,0.872
4985,71.1707,0.9,0.924
4986,71.0562,0.7,0.94
4987,71.2249,0.8,0.984
4988,71.1835,0.8,0.972
4989,71.0743,0.8,0.924
4990,71.0742,0.8,0.964
4991,71.1351,0.9,0.936
4992,71.0435,0.8,0.92
4993,71.0004,0.9,0.96
4994,71.1088,0.9,0.924
4995,71.0465,0.7,0.936
4996,71.3365,0.8,0.908
4997,71.0445,0.9,0.96
4998,71.1781,0.7,0.948
4999,71.336,0.6,0.9
5000,71.119,0.7,0.936
5001,71.1336,0.9,0.94
5002,71.3107,0.7,0.924
5003,70.8979,0.9,0.884
5004,70.8813,0.9,0.896
5005,70.7092,0.8,0.868
5006,71.1074,0.9,0.952
5007,71.2418,0.9,0.944
5008,70.8875,0.8,0.924
5009,70.9865,0.8,0.96
5010,70.9711,1.0,0.924
5011,71.2987,0.7,0.944
5012,71.4921,0.7,0.892
5013,71.0513,0.9,0.968
5014,71.2717,0.8,0.972
5015,71.3426,0.8,0.956
5016,71.1503,0.7,0.932
5017,71.1659,0.8,0.952
5018,71.0622,0.7,0.948
5019,70.9751,1.0,0.924
5020,71.0071,0.8,0.932
5021,71.1224,0.8,0.936
5022,71.3677,0.6,0.928
5023,71.0288,0.9,0.96
5024,70.9789,0.9,0.912
5025,71.3378,0.8,0.912
5026,71.1727,0.7,0.948
5027,71.1129,0.8,0.936
5028,71.0084,1.0,0.944
5029,71.2555,0.8,0.944
5030,70.9587,0.7,0.896
5031,70.9578,1.0,0.952
5032,71.0408,0.9,0.932
5033,71.1967,0.6,0.912
5034,71.0173,0.8,0.936
5035,71.2872,0.6,0.928
5036,70.995,0.9,0.952
5037,71.0569,1.0,0.956
5038,71.0372,1.0,0.98
5039,70.7522,0.9,0.876
5040,71.1753,1.0,0.96
5041,71.2586,0.8,0.956
5042,71.1326,0.7,0.912
5043,70.9909,0.9,0.92
5044,70.8307,0.8,0.884
5045,71.0892,0.9,0.976
5046,71.1115,1.0,0.944
5047,70.9936,0.9,0.928
5048,71.3153,0.8,0.932
5049,70.9431,0.9,0.904
5050,70.9832,1.0,0.92
5051,71.0204,0.7,0.928
5052,71.0161,0.9,0.952
5053,71.1789,1.0,0.964
5054,70.904,0.8,0.912
5055,71.1992,0.7,0.964
5056,71.0812,0.9,0.9
5057,71.2288,0.7,0.968
5058,70.9486,0.9,0.936
5059,71.1877,1.0,0.968
5060,71.0325,0.9,0.948
5061,71.0489,0.8,0.936
5062,71.098,0.8,0.952
5063,71.0138,0.9,0.944
5064,71.2844,0.7,0.96
5065,70.952,0.9,0.952
5066,71.3991,0.8,0.912
5067,71.1094,0.9,0.916
5068,71.2225,0.8,0.94
5069,71.244,0.8,0.928
5070,70.9348,0.8,0.92
5071,70.971,0.8,0.916
5072,70.8931,0.8,0.924
5073,70.9181,0.9,0.912
5074,70.9534,0.9,0.92
5075,71.1415,0.9,0.952
5076,70.9204,0.8,0.912
5077,70.7049,0.7,0.9
5078,71.0843,0.8,0.928
5079,71.3127,0.8,0.956
5080,70.9279,0.8,0.936
5081,70.8281,0.7,0.928
5082,70.9322,1.0,0.924
5083,71.0732,0.9,0.94
5084,71.2372,0.7,0.96
5085,71.1503,0.8,0.96
5086,71.0896,0.7,0.932
5087,71.1608,0.8,0.96
5088,70.9998,0.9,0.928
5089,70.9828,0.8,0.952
5090,71.2685,0.8,0.964
5091,71.2493,0.8,0.932
5092,71.1857,0.9,0.968
5093,70.9374,0.9,0.912
5094,71.4585,0.8,0.888
5095,70.8481,0.9,0.956
5096,70.908,0.7,0.944
5097,71.0961,0.7,0.94
5098,70.9437,0.8,0.92
5099,70.8992,0.7,0.904
5100,70.9187,0.9,0.904
5101,71.3431,0.7,0.94
5102,71.1469,0.9,0.964
5103,71.186,0.8,0.944
5104,71.1064,0.9,0.916
5105,71.3469,0.7,0.948
5106,71.0902,0.8,0.912
5107,70.8811,0.9,0.916
5108,71.1284,0.9,0.968
5109,71.1081,0.8,0.968
5110,70.8646,0.8,0.884
5111,71.0377,0.8,0.936
5112,71.1273,0.9,0.952
5113,71.2396,0.8,0.968
5114,71.3031,0.7,0.924
5115,71.0408,0.8,0.9
5116,71.0721,0.8,0.956
5117,70.8047,0.8,0.916
5118,71.046,0.9,0.932
5119,71.2646,0.8,0.936
5120,70.9408,0.8,0.944
5121,71.2306,0.9,0.936
5122,71.0893,0.8,0.96
5123,70.8069,0.8,0.912
5124,70.8794,0.9,0.88
5125,71.3113,0.9,0.936
5126,71.2015,0.8,0.892
5127,70.9013,0.8,0.912
5128,70.9145,0.7,0.908
5129,70.9571,0.8,0.928
5130,71.2597,0.9,0.904
5131,70.9806,0.9,0.956
5132,71.0869,0.9,0.924
5133,70.9907,0.7,0.92
5134,71.1406,0.9,0.928
5135,71.2337,0.9,0.948
5136,71.0771,0.8,0.916
5137,71.0162,0.8,0.924
5138,71.106,0.9,0.924
5139,71.0899,0.8,0.924
5140,71.0627,0.8,0.972
5141,71.0883,1.0,0.956
5142,71.3247,0.8,0.904
5143,71.0592,0.8,0.932
5144,71.0353,0.8,0.932
5145,71.0334,0.9,0.912
5146,71.2316,0.7,0.94
5147,71.1566,0.8,0.924
5148,71.067,0.7,0.96
5149,71.1914,0.9,0.952
5150,71.2068,0.8,0.936
5151,70.8393,0.8,0.924
5152,71.21,0.7,0.928
5153,71.0063,0.9,0.936
5154,71.2051,0.8,0.98
5155,71.3327,0.8,0.944
5156,71.3014,0.6,0.932
5157,71.3609,0.7,0.952
5158,70.9258,0.8,0.924
5159,71.1921,0.9,0.94
5160,71.1606,0.8,0.944
5161,71.2095,0.8,0.964
5162,70.9187,0.7,0.924
5163,71.2558,0.8,0.948
5164,71.3696,0.8,0.96
5165,71.1999,0.8,0.956
5166,70.8354,0.8,0.908
5167,71.156,1.0,0.972
5168,71.2752,0.8,0.956
5169,71.0526,0.8,0.964
5170,70.9788,1.0,0.94
5171,71.0569,0.9,0.932
5172,71.188,0.7,0.952
5173,70.9621,0.9,0.932
5174,71.1475,0.7,0.94
5175,70.9118,0.8,0.924
5176,71.1253,0.8,0.9
5177,70.9791,0.8,0.936
5178,71.0781,0.8,0.96
5179,71.1485,0.8,0.924
5180,71.1351,0.7,0.952
5181,71.226,0.7,0.904
5182,71.2009,0.7,0.956
5183,70.8156,0.9,0.896
5184,71.0409,0.9,0.948
5185,71.0564,0.8,0.952
5186,71.0326,0.9,0.96
5187,71.2319,0.8,0.94
5188,71.1584,0.9,0.948
5189,71.0909,0.9,0.956
5190,71.2972,0.8,0.928
5191,71.1794,0.7,0.908
5192,71.2031,0.8,0.924
5193,70.852,0.7,0.92
5194,70.7766,0.8,0.9
5195,71.2625,0.8,0.936
5196,71.4126,0.8,0.92
5197,71.0042,0.9,0.936
5198,71.281,0.8,0.928
5199,71.0589,0.9,0.972
5200,71.1302,0.8,0.956
5201,71.0963,0.8,0.928
5202,71.1765,0.7,0.904
5203,71.0189,0.8,0.936
5204,70.8916,0.8,0.916
5205,71.4004,0.7,0.952
5206,71.1712,0.9,0.94
5207,71.3783,0.7,0.912
5208,71.177,0.8,0.952
5209,70.9281,0.8,0.912
5210,71.2995,0.8,0.964
5211,71.1798,0.9,0.936
5212,71.0823,0.9,0.956
5213,71.1025,0.9,0.948
5214,71.2492,0.8,0.96
5215,70.9844,0.9,0.948
5216,71.2046,0.8,0.892
5217,71.1313,0.9,0.956
5218,71.1131,1.0,0.956
5219,70.8815,0.8,0.904
5220,71.2714,0.8,0.912
5221,71.0966,0.9,0.944
5222,70.9405,1.0,0.912
5223,70.9239,0.8,0.888
5224,71.1655,0.8,0.916
5225,71.2188,0.9,0.952
5226,71.0318,0.8,0.924
5227,71.1545,0.8,0.936
5228,71.0339,0.7,0.948
5229,71.0389,0.8,0.948
5230,70.9529,0.8,0.892
5231,71.1589,0.9,0.932
5232,70.963,0.9,0.888
5233,71.0342,0.9,0.94
5234,71.1892,0.6,0.936
5235,71.0523,0.8,0.928
5236,70.8508,0.8,0.924
5237,70.9939,0.9,0.964
5238,71.3119,0.6,0.916
5239,70.9574,0.8,0.936
5240,71.0092,1.0,0.936
5241,71.0407,0.9,0.916
5242,71.3807,0.7,0.916
5243,71.0927,0.8,0.944
5244,71.3742,0.8,0.948
5245,70.9449,0.8,0.912
5246,71.1508,0.8,0.972
5247,71.1976,0.9,0.964
5248,70.8033,0.8,0.908
5249,71.2092,0.8,0.976
5250,71.326,0.8,0.924
5251,70.9564,1.0,0.94
5252,71.1581,0.8,0.936
5253,70.9374,0.8,0.92
5254,71.1621,0.9,0.96
5255,71.1412,0.8,0.916
5256,71.2681,0.7,0.888
5257,71.0736,0.8,0.96
5258,70.9861,1.0,0.92
5259,71.1027,0.9,0.96
5260,71.0501,0.9,0.952
5261,71.1063,0.8,0.932
5262,71.0837,0.7,0.944
5263,71.1454,0.9,0.96
5264,70.9255,0.8,0.916
5265,71.2457,0.9,0.94
5266,71.1446,0.8,0.956
5267,71.325,0.8,0.944
5268,71.4078,0.8,0.888
5269,71.1786,0.8,0.916
5270,71.3231,0.8,0.94
5271,71.1469,0.8,0.968
5272,71.1094,0.9,0.972
5273,71.0619,1.0,0.948
5274,71.2109,0.7,0.896
5275,71.1395,0.7,0.928
5276,71.2318,0.8,0.956
5277,71.134,0.8,0.932
5278,71.2543,0.9,0.936
5279,71.1985,0.7,0.88
5280,71.168,0.7,0.908
5281,71.0751,0.8,0.92
5282,71.085,0.7,0.96
5283,70.9289,0.9,0.892
5284,70.9043,0.7,0.896
5285,71.2781,0.9,0.908
5286,70.8515,0.9,0.952
5287,70.8521,0.6,0.892
5288,70.9441,0.8,0.932
5289,71.2924,0.8,0.916
5290,71.089,0.7,0.892
5291,70.9149,0.9,0.924
5292,71.1471,0.9,0.932
5293,70.8252,0.9,0.9
5294,71.0522,0.9,0.928
5295,71.0713,0.7,0.932
5296,70.9577,0.8,0.944
5297,71.1459,0.8,0.908
5298,71.1918,0.9,0.944
5299,71.4135,0.8,0.896
5300,70.8118,0.8,0.928
5301,71.2032,0.7,0.944
5302,71.2311,0.8,0.936
5303,71.0823,0.7,0.928
5304,70.8569,0.9,0.932
5305,71.2954,0.7,0.944
5306,71.0404,1.0,0.98
5307,71.3019,0.7,0.92
5308,70.8966,0.9,0.944
5309,70.9793,0.8,0.908
5310,70.8971,0.9,0.944
5311,70.9494,0.9,0.912
5312,70.9046,0.9,0.936
5313,71.1397,0.9,0.96
5314,71.0857,0.8,0.956
5315,71.1243,0.9,0.964
5316,71.2182,0.8,0.976
5317,70.8359,0.8,0.916
5318,71.2318,0.7,0.96
5319,71.1709,0.8,0.932
5320,70.9985,0.8,0.94
5321,71.1605,0.9,0.932
5322,71.177,0.6,0.908
5323,71.2718,0.8,0.96
5324,70.9662,0.8,0.904
5325,71.175,0.8,0.972
5326,71.2025,0.8,0.936
5327,71.1442,0.8,0.956
5328,71.205,0.8,0.936
5329,71.1948,0.8,0.956
5330,71.0324,1.0,0.976
5331,71.2689,0.7,0.976
5332,71.3384,0.7,0.932
5333,71.1227,0.8,0.928
5334,71.1132,0.9,0.928
5335,71.059,0.9,0.952
5336,71.2499,0.7,0.952
5337,71.0904,0.8,0.948
5338,71.1356,0.8,0.956
5339,71.1853,0.9,0.96
5340,70.8413,0.9,0.948
5341,71.3403,0.8,0.936
5342,71.1761,0.9,0.956
5343,71.2046,0.9,0.964
5344,71.1436,0.8,0.972
5345,71.0457,0.7,0.908
5346,71.2953,0.8,0.948
5347,70.8207,0.9,0.908
5348,71.094,0.8,0.952
5349,70.9771,0.8,0.924
5350,71.0698,0.9,0.928
5351,71.2135,0.8,0.94
5352,70.9674,0.9,0.916
5353,71.202,0.8,0.976
5354,70.9746,0.8,0.936
5355,71.0184,0.7,0.964
5356,71.2429,0.8,0.956
5357,71.2448,0.6,0.928
5358,71.1987,0.9,0.964
5359,71.0537,0.8,0.896
5360,71.1414,1.0,0.944
5361,70.8225,0.8,0.9
5362,71.0028,0.9,0.952
5363,71.1853,0.8,0.94
5364,70.9681,0.8,0.884
5365,71.4576,0.8,0.916
5366,70.7855,0.7,0.92
5367,71.3672,0.7,0.936
5368,71.0801,0.8,0.932
5369,71.3455,0.7,0.932
5370,70.8104,0.9,0.932
5371,71.0914,1.0,0.94
5372,70.9072,0.8,0.928
5373,70.8412,0.9,0.948
5374,71.3411,0.7,0.908
5375,71.2471,0.7,0.96
5376,70.8748,0.9,0.916
5377,71.0385,0.8,0.948
5378,71.2625,0.8,0.916
5379,71.2038,0.9,0.94
5380,71.2249,0.7,0.936
5381,71.4099,0.8,0.916
5382,70.8048,0.8,0.932
5383,71.2796,0.8,0.9
5384,70.9949,0.9,0.912
5385,71.1499,0.9,0.96
5386,70.8553,0.6,0.9
5387,71.0188,0.9,0.956
5388,71.0703,1.0,0.944
5389,71.0252,0.9,0.956
5390,71.0075,0.9,0.94
5391,71.1657,0.8,0.948
5392,71.2392,0.7,0.932
5393,71.0092,0.9,0.92
5394,70.9599,0.9,0.928
5395,71.07,0.9,0.968
5396,71.3439,0.7,0.932
5397,71.3096,0.6,0.936
5398,71.0628,0.9,0.928
5399,71.1451,0.8,0.96
5400,71.3767,0.7,0.924
5401,70.9852,0.9,0.956
5402,70.9176,0.7,0.916
5403,70.865,0.8,0.948
5404,71.1697,0.8,0.964
5405,71.1034,0.9,0.948
5406,71.2146,0.6,0.924
5407,70.8946,0.9,0.932
5408,71.0014,0.9,0.968
5409,71.0574,0.9,0.92
5410,71.1721,0.8,0.928
5411,70.9092,0.9,0.948
5412,71.0842,0.8,0.94
5413,71.0453,0.8,0.948
5414,71.2622,0.9,0.928
5415,71.1314,0.9,0.94
5416,71.0938,0.9,0.976
5417,71.2419,0.9,0.94
5418,71.159,0.9,0.912
5419,70.9757,0.9,0.924
5420,71.2499,0.8,0.948
5421,70.9431,0.9,0.956
5422,70.9731,0.8,0.96
5423,71.1502,0.9,0.964
5424,71.1821,0.8,0.964
5425,70.8884,0.9,0.932
5426,71.2863,0.8,0.936
5427,71.1983,0.8,0.912
5428,71.2265,0.6,0.936
5429,70.9759,0.9,0.904
5430,70.8954,0.8,0.924
5431,70.9015,0.7,0.936
5432,70.8786,0.9,0.928
5433,71.2794,0.9,0.96
5434,71.2297,0.9,0.924
5435,70.9222,0.8,0.892
5436,71.1625,0.9,0.98
5437,71.1614,0.5,0.896
5438,70.8008,0.8,0.936
5439,71.0109,0.8,0.924
5440,71.2216,0.8,0.936
5441,71.0343,0.9,0.936
5442,71.1927,0.8,0.916
5443,70.9237,0.9,0.916
5444,71.2851,0.8,0.94
5445,70.9967,1.0,0.948
5446,71.107,0.8,0.948
5447,71.0248,0.9,0.932
5448,70.9769,0.8,0.948
5449,70.7704,0.7,0.884
5450,70.7874,0.8,0.904
5451,71.168,0.9,0.928
5452,71.1554,0.9,0.948
5453,71.0174,0.8,0.94
5454,71.11,0.8,0.956
5455,71.238,0.8,0.952
5456,71.1527,0.9,0.972
5457,71.0727,0.8,0.912
5458,71.1354,0.8,0.96
5459,71.1379,0.9,0.944
5460,71.041,0.9,0.9
5461,71.0158,0.9,0.944
5462,71.2698,0.7,0.948
5463,71.09,0.8,0.936
5464,71.3498,0.8,0.952
5465,70.7651,0.8,0.904
5466,71.4661,0.6,0.916
5467,71.5458,0.8,0.872
5468,71.0071,0.9,0.916
5469,70.9571,0.9,0.94
5470,71.3442,0.8,0.904
5471,71.1644,0.8,0.932
5472,71.1186,0.8,0.912
5473,70.9547,1.0,0.94
5474,71.1291,0.8,0.924
5475,70.9132,0.8,0.9
5476,71.0997,1.0,0.964
5477,70.8982,0.7,0.92
5478,71.1408,0.9,0.948
5479,71.2038,0.7,0.944
5480,70.8984,0.8,0.912
5481,71.2962,0.9,0.928
5482,70.8395,0.8,0.928
5483,71.1582,0.9,0.964
5484,71.0392,0.9,0.952
5485,70.9146,0.9,0.936
5486,71.055,0.8,0.94
5487,71.1594,0.8,0.952
5488,71.0421,0.8,0.952
5489,71.1503,0.9,0.944
5490,71.1331,0.8,0.92
5491,71.1764,0.8,0.904
5492,71.012,0.8,0.948
5493,71.1509,0.8,0.92
5494,70.9975,0.8,0.944
5495,71.2457,0.8,0.904
5496,71.1559,0.7,0.936
5497,71.0331,0.7,0.908
5498,71.147,0.8,0.964
5499,71.013,0.9,0.932
5500,71.1639,0.8,0.94
5501,70.9495,0.8,0.94
5502,71.2686,0.9,0.92
5503,71.0938,0.8,0.924
5504,70.9685,0.8,0.916
5505,71.2046,0.9,0.944
5506,71.3404,0.8,0.956
5507,71.0662,0.8,0.944
5508,71.0168,1.0,0.948
5509,70.8438,0.9,0.908
5510,71.2238,0.8,0.96
5511,71.2879,0.7,0.916
5512,71.2675,0.8,0.96
5513,71.0736,0.9,0.916
5514,70.888,0.9,0.912
5515,71.0186,1.0,0.944
5516,71.2939,0.7,0.964
5517,71.2623,0.9,0.968
5518,71.1398,0.9,0.96
5519,70.9034,0.8,0.896
5520,71.0645,0.8,0.92
5521,70.9988,0.8,0.944
5522,71.2199,0.9,0.972
5523,71.3863,0.6,0.936
5524,71.2915,0.7,0.904
5525,71.0305,0.8,0.96
5526,70.8923,0.8,0.908
5527,71.2411,0.8,0.956
5528,71.2852,0.9,0.96
5529,71.1751,0.7,0.964
5530,70.774,0.8,0.912
5531,71.3338,0.8,0.92
5532,71.1727,0.8,0.952
5533,70.8993,0.9,0.952
5534,71.1877,1.0,0.956
5535,71.155,0.8,0.968
5536,71.0174,0.8,0.944
5537,71.4496,0.7,0.932
5538,71.0057,1.0,0.94
5539,71.0642,1.0,0.932
5540,71.1761,0.8,0.948
5541,71.1936,0.9,0.952
5542,70.9158,0.9,0.92
5543,71.1205,0.7,0.904
5544,71.1777,0.8,0.936
5545,71.2218,0.9,0.96
5546,70.9011,0.8,0.932
5547,70.9446,0.8,0.944
5548,71.2962,0.9,0.96
5549,71.1137,0.7,0.884
5550,71.0807,0.8,0.924
5551,71.3036,0.8,0.968
5552,71.0632,1.0,0.952
5553,71.0781,0.8,0.964
5554,71.0161,0.8,0.948
5555,71.0935,0.8,0.924
5556,71.1327,0.8,0.924
5557,71.2347,0.8,0.956
5558,71.1313,0.9,0.932
5559,71.3642,0.7,0.932
5560,70.879,0.8,0.932
5561,70.9295,0.8,0.94
5562,70.9663,0.9,0.924
5563,71.3029,0.7,0.956
5564,70.9948,0.8,0.928
5565,70.9735,0.8,0.92
5566,71.0472,0.9,0.944
5567,71.1153,0.9,0.968
5568,71.1003,0.8,0.912
5569,70.9173,0.8,0.928
5570,71.0139,0.8,0.956
5571,71.0915,0.8,0.912
5572,70.7945,0.7,0.908
5573,71.0423,0.9,0.952
5574,71.1713,0.8,0.952
5575,71.2697,0.8,0.92
5576,71.3535,0.8,0.932
5577,71.3456,0.9,0.924
5578,71.3455,0.8,0.952
5579,71.0389,0.9,0.952
5580,70.8872,0.7,0.908
5581,71.1513,0.8,0.896
5582,71.1617,0.9,0.94
5583,70.9495,0.7,0.92
5584,71.1667,0.8,0.904
5585,71.1403,0.8,0.928
5586,71.1667,0.8,0.936
5587,71.1137,0.9,0.968
5588,71.0364,0.8,0.928
5589,71.0845,0.8,0.956
5590,70.9875,0.8,0.952
5591,71.3474,0.7,0.924
5592,71.1437,0.9,0.928
5593,71.1957,0.8,0.948
5594,71.0821,0.9,0.964
5595,70.8356,0.8,0.896
5596,70.9131,0.9,0.952
5597,71.0724,0.9,0.964
5598,71.0736,0.8,0.94
5599,71.2592,0.9,0.952
5600,71.2356,0.8,0.936
5601,71.1637,0.8,0.968
5602,71.2272,0.8,0.94
5603,71.3277,0.8,0.924
5604,71.1712,0.8,0.964
5605,71.2681,0.8,0.948
5606,70.8417,0.8,0.908
5607,71.2655,0.8,0.944
5608,71.0365,0.8,0.94
5609,71.1168,0.9,0.964
5610,70.9383,0.8,0.896
5611,70.9579,0.9,0.892
5612,71.0894,0.9,0.964
5613,70.9907,0.9,0.968
5614,71.1071,0.8,0.94
5615,71.2621,0.8,0.94
5616,71.1653,0.8,0.952
5617,70.918,0.9,0.932
5618,71.164,0.9,0.94
5619,71.3274,0.8,0.932
5620,71.4842,0.7,0.892
5621,71.1035,0.7,0.908
5622,71.1537,0.8,0.948
5623,71.1321,0.9,0.92
5624,70.9775,0.8,0.908
5625,71.0411,0.8,0.916
5626,70.9779,0.8,0.928
5627,70.9436,1.0,0.932
5628,70.9724,0.8,0.952
5629,71.1048,0.8,0.932
5630,71.0095,0.8,0.936
5631,71.2396,0.7,0.9
5632,70.9537,0.9,0.944
5633,71.142,0.8,0.948
5634,71.2858,0.8,0.932
5635,71.1706,0.7,0.944
5636,71.1552,0.9,0.936
5637,71.14,0.8,0.964
5638,71.0389,1.0,0.964
5639,70.9987,0.8,0.912
5640,71.2581,0.9,0.932
5641,71.3139,0.8,0.92
5642,70.8931,0.9,0.924
5643,71.0071,0.8,0.948
5644,70.9765,0.7,0.892
5645,71.0027,0.8,0.944
5646,71.1213,0.9,0.912
5647,71.0066,0.9,0.944
5648,71.0854,0.9,0.948
5649,71.1974,0.9,0.952
5650,70.9688,0.9,0.952
5651,71.0141,0.8,0.928
5652,70.9809,0.9,0.928
5653,71.1147,0.8,0.888
5654,71.1322,0.8,0.948
5655,70.8963,0.8,0.92
5656,71.3753,0.5,0.912
5657,71.0486,0.9,0.944
5658,71.1424,0.8,0.948
5659,70.9419,1.0,0.936
5660,71.1179,1.0,0.96
5661,71.4089,0.7,0.904
5662,71.119,0.8,0.9
5663,71.1771,0.7,0.86
5664,70.9527,0.9,0.932
5665,70.9455,0.9,0.908
5666,71.3494,0.8,0.932
5667,70.7744,0.8,0.924
5668,71.1333,0.9,0.924
5669,71.1896,0.8,0.98
5670,70.9975,0.8,0.956
5671,71.0301,0.9,0.944
5672,70.8353,0.8,0.94
5673,71.2528,0.8,0.916
5674,71.2859,0.9,0.94
5675,70.9229,0.8,0.944
5676,71.0006,0.9,0.928
5677,70.9907,0.8,0.924
5678,71.0599,0.8,0.956
5679,71.0728,1.0,0.932
5680,71.1271,0.9,0.936
5681,71.1253,0.8,0.936
5682,70.9265,0.8,0.944
5683,71.2348,0.8,0.936
5684,71.0506,0.9,0.956
5685,70.9782,0.8,0.932
5686,70.9831,0.8,0.948
5687,71.0407,0.8,0.936
5688,71.0121,0.8,0.94
5689,70.9764,0.8,0.928
5690,70.8666,0.8,0.892
5691,71.2539,0.7,0.904
5692,71.0901,0.7,0.944
5693,71.3234,0.7,0.916
5694,71.0469,1.0,0.964
5695,70.9641,1.0,0.932
5696,71.0334,0.8,0.952
5697,70.7556,0.8,0.9
5698,71.0937,0.7,0.928
5699,71.0394,0.9,0.936
5700,71.3257,0.8,0.944
5701,70.8874,0.8,0.932
5702,70.9815,0.9,0.944
5703,71.1579,0.8,0.956
5704,71.1399,0.8,0.952
5705,71.107,0.9,0.932
5706,71.1913,0.7,0.92
5707,71.2314,0.9,0.94
5708,71.13,0.8,0.944
5709,70.9992,0.9,0.972
5710,71.0994,0.8,0.948
5711,71.1732,0.8,0.944
5712,71.2403,0.7,0.928
5713,71.1674,0.8,0.976
5714,70.8538,0.8,0.94
5715,71.0753,0.9,0.964
5716,71.0974,0.9,0.924
5717,71.1522,0.8,0.968
5718,71.2159,0.6,0.92
5719,71.2427,0.8,0.952
5720,71.1145,0.8,0.944
5721,71.1044,0.9,0.972
5722,71.1637,0.8,0.948
5723,70.8335,0.8,0.92
5724,71.1682,0.8,0.956
5725,70.9067,0.8,0.94
5726,70.9768,0.9,0.956
5727,70.9909,0.8,0.936
5728,71.2612,0.7,0.944
5729,71.0667,0.8,0.912
5730,71.4052,0.8,0.928
5731,71.0468,1.0,0.964
5732,70.8861,0.9,0.916
5733,71.3122,0.8,0.96
5734,71.2576,0.8,0.94
5735,71.0043,0.8,0.936
5736,71.1397,0.9,0.964
5737,70.9031,0.9,0.924
5738,71.0574,0.8,0.948
5739,71.0011,1.0,0.936
5740,70.9207,0.8,0.904
5741,71.1108,0.7,0.928
5742,71.1316,0.7,0.92
5743,70.9237,0.7,0.924
5744,70.9625,0.9,0.932
5745,71.1401,0.7,0.924
5746,71.0461,0.9,0.968
5747,70.9713,0.8,0.908
5748,71.1353,0.9,0.96
5749,71.1905,0.8,0.92
5750,71.1432,0.9,0.96
5751,71.0923,0.9,0.964
5752,71.2327,0.8,0.968
5753,70.8541,0.9,0.936
5754,71.0002,0.9,0.94
5755,71.1937,0.8,0.944
5756,71.1721,0.9,0.948
5757,71.0059,0.9,0.952
5758,71.1191,0.8,0.948
5759,70.8416,0.8,0.912
5760,71.2073,0.7,0.904
5761,70.8617,0.8,0.94
5762,71.2258,0.8,0.944
5763,71.2115,0.8,0.948
5764,71.0716,0.8,0.952
5765,71.3725,0.8,0.892
5766,71.2312,0.9,0.94
5767,70.7989,0.9,0.908
5768,71.0395,0.9,0.948
5769,70.9195,0.8,0.94
5770,71.309,0.7,0.94
5771,70.9562,0.9,0.92
5772,70.7172,0.8,0.912
5773,70.9251,0.7,0.92
5774,71.1543,0.6,0.948
5775,71.1738,0.8,0.956
5776,70.967,0.7,0.892
5777,71.0017,0.9,0.892
5778,71.1123,0.7,0.92
5779,71.2221,0.9,0.94
5780,70.8261,0.8,0.92
5781,71.2027,0.9,0.936
5782,70.8481,0.8,0.936
5783,70.8873,0.7,0.872
5784,71.3409,0.7,0.896
5785,71.0674,0.8,0.932
5786,70.9763,0.8,0.924
5787,71.3628,0.7,0.9
5788,71.0915,0.8,0.92
5789,71.0596,0.9,0.936
5790,71.1372,0.8,0.928
5791,71.2197,0.7,0.916
5792,71.0042,0.9,0.948
5793,71.0402,1.0,0.936
5794,70.9063,0.8,0.936
5795,71.3513,0.8,0.94
5796,70.8793,0.7,0.94
5797,71.1541,0.8,0.96
5798,71.1819,0.8,0.964
5799,71.1914,0.7,0.904
5800,71.0186,0.7,0.896
5801,71.3646,0.8,0.928
5802,70.8834,0.6,0.916
5803,71.1128,0.9,0.936
5804,71.2942,0.8,0.948
5805,70.9143,1.0,0.916
5806,71.0153,0.8,0.944
5807,71.0009,0.8,0.916
5808,70.8608,0.8,0.932
5809,71.3695,0.8,0.912
5810,71.2315,0.8,0.936
5811,71.1691,0.7,0.952
5812,71.1755,0.9,0.964
5813,71.0249,0.8,0.944
5814,71.0424,0.8,0.948
5815,71.1039,1.0,0.972
5816,71.0844,0.8,0.948
5817,70.9474,0.8,0.884
5818,70.8896,0.9,0.916
5819,70.9119,0.9,0.904
5820,70.8363,0.8,0.928
5821,71.2151,0.7,0.948
5822,71.032,0.9,0.92
5823,71.1897,0.9,0.956
5824,70.9958,0.8,0.932
5825,71.061,0.9,0.94
5826,71.1165,1.0,0.968
5827,71.0749,0.9,0.96
5828,71.1417,0.8,0.94
5829,71.4321,0.8,0.924
5830,71.3146,0.7,0.936
5831,71.2076,0.9,0.952
5832,71.2809,0.9,0.912
5833,70.9524,0.8,0.932
5834,70.9885,0.6,0.888
5835,71.3426,0.9,0.94
5836,70.9617,0.8,0.912
5837,71.0509,0.8,0.948
5838,71.1162,0.9,0.972
5839,70.9293,1.0,0.94
5840,71.0951,0.9,0.96
5841,71.2492,1.0,0.948
5842,71.1917,0.8,0.952
5843,71.2004,0.7,0.964
5844,70.9779,0.8,0.884
5845,71.2561,0.8,0.92
5846,71.003,0.9,0.912
5847,71.2926,0.7,0.964
5848,71.0345,0.7,0.94
5849,70.9271,0.7,0.916
5850,70.9707,0.9,0.948
5851,71.2269,0.8,0.96
5852,70.8754,0.9,0.916
5853,71.1464,0.9,0.94
5854,70.8785,0.6,0.912
5855,71.2547,0.7,0.948
5856,71.3395,0.9,0.936
5857,70.8767,0.9,0.904
5858,71.1699,0.8,0.908
5859,71.0102,0.8,0.936
5860,71.0467,0.9,0.92
5861,70.9702,0.9,0.944
5862,71.164,0.8,0.94
5863,71.0292,1.0,0.912
5864,71.2452,0.8,0.94
5865,71.221,0.8,0.968
5866,71.1072,0.7,0.904
5867,71.1518,0.8,0.932
5868,71.1701,0.9,0.944
5869,71.2212,0.6,0.932
5870,71.1483,0.9,0.948
5871,71.1642,0.8,0.952
5872,71.2657,0.8,0.972
5873,71.1104,0.8,0.948
5874,71.3887,0.8,0.928
5875,71.248,0.8,0.94
5876,70.7862,0.8,0.924
5877,71.0955,1.0,0.96
5878,70.8581,0.8,0.928
5879,71.1271,0.9,0.976
5880,71.1011,0.9,0.984
5881,71.203,0.9,0.952
5882,70.9049,1.0,0.904
5883,71.188,0.8,0.964
5884,71.0476,1.0,0.936
5885,71.0712,0.8,0.892
5886,71.0673,0.7,0.908
5887,71.0185,0.9,0.92
5888,71.1111,0.8,0.948
5889,71.3185,0.7,0.94
5890,71.0838,0.8,0.976
5891,71.1854,0.8,0.968
5892,71.1575,0.9,0.932
5893,71.1613,1.0,0.944
5894,71.1811,0.8,0.94
5895,71.0463,0.7,0.936
5896,71.0031,0.9,0.932
5897,70.8422,0.9,0.9
5898,71.176,0.9,0.924
5899,70.9929,0.9,0.936
5900,71.1117,1.0,0.94
5901,71.0839,0.8,0.964
5902,70.7123,0.8,0.908
5903,71.0614,1.0,0.94
5904,71.1231,0.8,0.96
5905,71.0151,0.8,0.9
5906,71.0049,0.7,0.936
5907,71.2494,0.7,0.944
5908,70.9401,0.9,0.916
5909,71.2003,0.8,0.96
5910,71.2064,0.8,0.92
5911,70.9196,0.7,0.912
5912,71.0618,0.9,0.94
5913,71.0734,0.8,0.948
5914,70.9498,0.8,0.892
5915,70.9215,0.8,0.94
5916,71.1263,0.9,0.94
5917,71.0735,0.8,0.928
5918,71.4463,0.7,0.9
5919,71.3312,0.7,0.952
5920,71.1954,0.8,0.944
5921,71.1851,0.8,0.952
5922,71.0268,0.9,0.956
5923,71.3113,0.9,0.9
5924,71.2059,0.9,0.964
5925,71.1948,0.8,0.956
5926,71.1401,0.9,0.936
5927,71.0648,0.9,0.956
5928,71.2212,0.8,0.964
5929,71.1155,0.9,0.932
5930,71.2539,0.9,0.92
5931,71.3345,0.9,0.92
5932,70.9265,0.8,0.896
5933,71.0887,0.8,0.928
5934,71.2732,0.7,0.932
5935,71.1081,0.9,0.952
5936,70.8919,0.9,0.896
5937,71.0859,1.0,0.964
5938,71.1402,0.9,0.94
5939,71.14,0.8,0.884
5940,71.0985,0.8,0.948
5941,70.8523,0.9,0.96
5942,71.171,0.8,0.956
5943,71.1646,0.9,0.96
5944,71.3012,0.8,0.952
5945,70.9722,0.9,0.932
5946,71.2095,0.8,0.96
5947,71.2954,0.8,0.944
5948,71.123,0.9,0.944
5949,71.153,0.7,0.956
5950,71.0785,0.8,0.932
5951,71.3221,0.7,0.936
5952,71.0584,0.7,0.924
5953,71.2922,0.8,0.924
5954,71.4902,0.8,0.924
5955,71.1585,1.0,0.948
5956,71.3024,0.6,0.944
5957,71.0973,0.9,0.948
5958,71.2275,0.7,0.944
5959,71.0609,0.9,0.968
5960,71.2152,0.9,0.936
5961,71.0155,0.8,0.952
5962,70.9775,0.8,0.92
5963,71.2608,0.5,0.924
5964,70.826,0.7,0.9
5965,71.1422,0.9,0.948
5966,70.8002,0.7,0.912
5967,71.3285,0.8,0.964
5968,70.9212,0.8,0.896
5969,71.3688,0.8,0.928
5970,71.0872,0.9,0.96
5971,71.0213,0.9,0.904
5972,71.2797,0.8,0.968
5973,71.194,0.8,0.968
5974,71.1782,0.7,0.948
5975,71.0707,0.9,0.964
5976,71.0495,1.0,0.916
5977,70.8472,0.8,0.888
5978,71.2891,0.8,0.972
5979,71.1667,0.7,0.964
5980,71.3198,0.8,0.916
5981,71.0996,0.8,0.972
5982,71.3134,0.7,0.952
5983,71.1309,1.0,0.976
5984,71.04,0.7,0.92
5985,71.0623,0.8,0.964
5986,71.1095,0.8,0.964
5987,70.9439,0.8,0.936
5988,71.0926,0.8,0.928
5989,71.0464,0.8,0.94
5990,71.1989,0.8,0.952
5991,71.2671,0.8,0.932
5992,70.776,0.8,0.912
5993,70.8816,0.8,0.916
5994,70.8352,0.8,0.908
5995,71.0737,0.8,0.924
5996,71.0726,0.7,0.904
5997,71.0871,0.9,0.956
5998,70.9455,0.8,0.944
5999,70.95,0.9,0.872
6000,70.9409,0.9,0.96
6001,70.9516,0.8,0.9
6002,71.0301,0.7,0.928
6003,71.1333,0.6,0.924
6004,71.1747,0.7,0.916
6005,70.8403,0.8,0.908
6006,71.3647,0.8,0.94
6007,70.91,0.8,0.916
6008,71.5531,0.7,0.896
6009,71.1333,0.9,0.952
6010,71.0863,0.8,0.944
6011,71.1761,0.6,0.9
6012,71.3204,0.8,0.972
6013,71.3371,0.8,0.928
6014,71.3695,0.8,0.956
6015,71.0458,0.9,0.936
6016,71.3299,0.9,0.924
6017,70.8389,0.8,0.936
6018,71.1981,0.7,0.94
6019,71.0326,0.8,0.912
6020,71.1145,0.8,0.944
6021,71.039,0.8,0.916
6022,71.0148,0.9,0.932
6023,71.1009,1.0,0.972
6024,71.1577,0.9,0.96
6025,70.906,0.8,0.932
6026,71.0766,0.8,0.944
6027,71.2259,0.8,0.948
6028,71.3033,0.9,0.944
6029,71.3854,0.7,0.916
6030,71.1992,0.9,0.944
6031,71.2006,0.6,0.924
6032,71.2561,0.7,0.924
6033,70.9819,0.8,0.952
6034,71.3041,0.8,0.912
6035,70.9501,0.8,0.932
6036,71.2141,0.8,0.928
6037,70.9683,0.8,0.924
6038,71.1891,0.8,0.94
6039,71.3075,0.9,0.936
6040,70.9019,0.9,0.94
6041,70.8802,0.9,0.96
6042,71.1721,0.9,0.94
6043,71.1948,0.8,0.928
6044,71.0799,0.8,0.94
6045,71.1456,0.8,0.952
6046,71.0764,0.8,0.948
6047,71.1689,0.9,0.952
6048,70.9375,0.8,0.94
6049,70.9881,0.8,0.956
6050,70.8872,0.8,0.916
6051,71.1641,0.9,0.96
6052,70.8823,0.8,0.924
6053,71.0882,0.9,0.952
6054,71.094,0.9,0.924
6055,71.0553,0.8,0.952
6056,71.103,0.7,0.964
6057,70.9011,0.8,0.92
6058,70.8583,0.8,0.92
6059,70.9669,0.8,0.944
6060,71.1186,0.9,0.944
6061,71.2933,0.7,0.912
6062,71.3722,0.7,0.96
6063,70.8958,0.9,0.948
6064,71.3473,0.8,0.916
6065,71.2155,0.7,0.912
6066,70.9442,0.9,0.936
6067,71.0474,1.0,0.944
6068,71.0251,0.9,0.92
6069,71.1709,0.9,0.94
6070,70.8558,0.8,0.92
6071,70.9791,0.9,0.94
6072,71.0035,0.8,0.928
6073,70.9504,0.9,0.968
6074,71.1521,0.7,0.916
6075,71.0715,0.8,0.904
6076,71.0787,0.9,0.944
6077,71.1689,0.8,0.944
6078,70.8504,0.8,0.904
6079,71.2079,0.8,0.98
6080,70.9548,0.9,0.948
6081,71.3238,0.8,0.96
6082,71.1888,0.8,0.908
6083,70.9484,0.9,0.916
6084,71.1154,0.8,0.96
6085,71.3765,0.8,0.924
6086,70.9481,1.0,0.948
6087,70.9701,0.9,0.9
6088,71.0767,0.9,0.968
6089,70.9444,0.8,0.904
6090,70.9343,0.8,0.932
6091,71.1175,0.7,0.936
6092,71.3544,0.8,0.92
6093,70.9993,0.9,0.928
6094,71.0396,1.0,0.968
6095,70.9418,0.8,0.9
6096,71.1774,0.9,0.956
6097,70.9733,0.8,0.936
6098,71.0636,0.8,0.936
6099,70.9204,0.9,0.9
6100,71.1268,0.7,0.948
6101,71.2366,0.8,0.96
6102,70.9335,0.8,0.912
6103,71.2453,0.7,0.94
6104,70.9891,0.9,0.936
6105,70.85,0.8,0.92
6106,71.0042,0.9,0.948
6107,71.1653,1.0,0.948
6108,71.0694,0.9,0.964
6109,71.11,0.8,0.936
6110,70.9916,0.8,0.956
6111,70.9906,0.8,0.928
6112,71.3078,0.7,0.936
6113,71.1223,0.7,0.956
6114,70.9399,0.9,0.896
6115,71.1542,0.7,0.936
6116,71.1338,1.0,0.952
6117,71.1759,0.9,0.96
6118,71.2774,0.8,0.924
6119,71.1315,0.8,0.976
6120,71.1695,0.9,0.924
6121,71.209,0.8,0.884
6122,71.2622,0.7,0.972
6123,71.0281,0.8,0.948
6124,71.3635,0.8,0.944
6125,71.132,0.9,0.96
6126,71.1701,0.8,0.936
6127,71.1038,0.8,0.96
6128,71.3818,0.7,0.92
6129,71.1747,0.9,0.944
6130,71.2301,0.8,0.936
6131,71.0605,0.9,0.952
6132,71.2579,0.9,0.94
6133,71.0949,0.8,0.908
6134,70.8839,0.8,0.92
6135,71.0821,0.8,0.956
6136,71.1136,0.8,0.932
6137,70.9916,0.9,0.936
6138,71.2265,0.8,0.948
6139,71.0153,0.8,0.932
6140,71.0557,0.8,0.96
6141,70.8584,0.9,0.904
6142,71.2003,0.9,0.968
6143,70.9819,1.0,0.948
6144,70.989,0.8,0.924
6145,71.2476,0.9,0.936
6146,70.9965,0.9,0.944
6147,71.4481,0.8,0.904
6148,71.2148,0.8,0.94
6149,71.1927,0.9,0.932
6150,70.9676,0.8,0.94
6151,71.1002,0.8,0.972
6152,71.134,0.8,0.94
6153,71.3487,0.8,0.928
6154,71.2105,0.8,0.932
6155,70.8811,0.9,0.92
6156,71.149,0.8,0.944
6157,70.808,0.9,0.884
6158,71.0825,0.9,0.96
6159,71.1044,1.0,0.956
6160,71.2313,0.8,0.948
6161,71.0782,0.9,0.896
6162,71.1849,0.8,0.96
6163,71.0696,0.9,0.952
6164,70.871,0.8,0.928
6165,70.9811,0.8,0.936
6166,71.2247,0.8,0.916
6167,71.1444,0.8,0.932
6168,71.1412,0.7,0.952
6169,70.9398,0.8,0.936
6170,70.9734,0.9,0.92
6171,71.3497,0.8,0.928
6172,70.9856,0.8,0.896
6173,70.9531,0.9,0.956
6174,71.2507,1.0,0.952
6175,71.2254,0.8,0.936
6176,71.0293,0.9,0.968
6177,70.9517,0.8,0.904
6178,70.9935,0.8,0.948
6179,70.9294,0.9,0.916
6180,71.0344,0.8,0.936
6181,70.9748,0.9,0.976
6182,71.2081,0.8,0.94
6183,71.1935,0.7,0.928
6184,71.0172,0.9,0.944
6185,71.2688,0.8,0.912
6186,71.1459,0.9,0.936
6187,71.3152,0.7,0.96
6188,70.9002,0.9,0.944
6189,71.2231,0.8,0.96
6190,70.9173,0.8,0.94
6191,71.2591,0.8,0.956
6192,71.1101,0.8,0.956
6193,71.2605,0.7,0.96
6194,70.9738,0.9,0.964
6195,71.3566,0.8,0.92
6196,71.1856,0.9,0.968
6197,71.1913,0.8,0.896
6198,71.0584,0.7,0.868
6199,70.9168,0.9,0.928
6200,70.9356,0.8,0.916
6201,70.9895,0.8,0.952
6202,70.8632,0.9,0.944
6203,70.8817,0.8,0.912
6204,71.1197,0.6,0.912
6205,70.8248,0.8,0.932
6206,70.9018,0.9,0.896
6207,71.0966,0.9,0.968
6208,71.0023,0.9,0.948
6209,71.3149,0.8,0.952
6210,71.0051,0.9,0.98
6211,71.0684,0.8,0.928
6212,71.1478,0.8,0.972
6213,71.1309,0.9,0.936
6214,70.9398,0.7,0.924
6215,71.126,0.9,0.936
6216,71.0924,0.8,0.924
6217,70.817,0.8,0.92
6218,70.9519,0.9,0.948
6219,71.3309,0.7,0.896
6220,70.793,0.8,0.94
6221,70.9376,0.9,0.928
6222,70.9365,0.9,0.904
6223,70.8628,0.9,0.944
6224,70.8574,0.7,0.928
6225,71.0389,0.9,0.932
6226,71.1419,0.8,0.976
6227,71.0369,1.0,0.932
6228,71.0155,0.9,0.924
6229,70.8357,0.8,0.924
6230,70.9533,0.9,0.908
6231,71.0573,0.8,0.908
6232,71.2191,0.8,0.94
6233,71.3069,0.7,0.928
6234,71.1112,0.7,0.916
6235,70.995,0.8,0.952
6236,71.0156,0.9,0.892
6237,71.2218,0.8,0.948
6238,70.8021,0.8,0.928
6239,71.3132,0.8,0.96
6240,71.1439,1.0,0.972
6241,71.0967,0.8,0.952
6242,71.3054,0.7,0.952
6243,70.7984,0.8,0.904
6244,71.2234,0.6,0.9
6245,70.969,0.9,0.936
6246,71.3607,0.8,0.924
6247,71.0045,0.7,0.94
6248,71.2761,0.7,0.94
6249,71.0617,0.8,0.952
6250,71.2728,0.9,0.932
6251,71.3243,0.9,0.956
6252,71.0314,0.8,0.928
6253,71.0243,0.9,0.932
6254,71.101,0.9,0.956
6255,71.1588,0.8,0.956
6256,70.9443,0.9,0.912
6257,71.07,0.9,0.964
6258,70.9647,0.9,0.956
6259,70.8314,0.8,0.948
6260,70.8026,0.9,0.94
6261,70.9975,0.8,0.924
6262,71.0454,0.8,0.964
6263,71.1934,1.0,0.924
6264,71.1027,0.8,0.932
6265,71.1405,0.9,0.928
6266,71.0761,1.0,0.944
6267,71.2195,0.9,0.948
6268,71.3267,0.7,0.904
6269,71.3599,0.8,0.96
6270,71.1734,0.8,0.944
6271,71.1591,0.9,0.908
6272,71.0637,0.7,0.944
6273,71.2937,0.8,0.928
6274,70.9524,0.8,0.888
6275,71.1641,1.0,0.936
6276,71.0181,0.8,0.92
6277,70.9941,0.9,0.956
6278,71.3015,0.9,0.924
6279,71.1797,0.7,0.964
6280,71.14,0.8,0.94
6281,71.0867,0.9,0.968
6282,71.0636,0.8,0.94
6283,71.192,0.7,0.964
6284,71.0111,0.8,0.944
6285,70.8434,0.8,0.92
6286,71.0893,0.9,0.924
6287,71.2446,0.7,0.944
6288,70.9212,0.8,0.896
6289,71.1431,0.8,0.952
6290,70.9751,0.9,0.876
6291,70.8006,0.8,0.936
6292,71.2205,0.8,0.94
6293,71.2486,0.7,0.968
6294,71.2155,0.7,0.956
6295,71.4132,0.7,0.92
6296,71.0325,0.9,0.964
6297,71.0765,0.9,0.968
6298,70.9396,0.8,0.952
6299,71.2059,0.9,0.924
6300,70.9674,0.9,0.944
6301,70.9893,0.7,0.916
6302,70.9553,0.9,0.936
6303,71.2027,0.9,0.96
6304,71.4213,0.8,0.888
6305,71.2235,0.7,0.956
6306,71.2698,0.8,0.96
6307,71.2244,0.9,0.96
6308,71.1694,0.8,0.936
6309,71.2588,0.9,0.916
6310,71.057,0.9,0.936
6311,71.1072,0.8,0.956
6312,71.0603,0.9,0.944
6313,71.2045,0.9,0.964
6314,71.1422,0.8,0.92
6315,71.0417,0.8,0.96
6316,71.1395,0.7,0.948
6317,71.1637,0.8,0.932
6318,71.2404,0.6,0.936
6319,71.1035,0.7,0.912
6320,70.9533,0.8,0.892
6321,71.1327,0.9,0.96
6322,71.1012,0.9,0.952
6323,71.0653,0.8,0.94
6324,71.1654,0.8,0.94
6325,71.1383,0.9,0.944
6326,71.0227,0.7,0.92
6327,71.1249,0.9,0.964
6328,70.9424,0.9,0.928
6329,70.9981,0.9,0.908
6330,70.8981,0.8,0.916
6331,71.2539,0.9,0.968
6332,70.7744,0.8,0.908
6333,70.8021,0.8,0.92
6334,71.2687,0.7,0.872
6335,71.1371,0.8,0.964
6336,71.2459,0.6,0.948
6337,71.3233,0.7,0.932
6338,71.1082,0.9,0.948
6339,71.1936,0.8,0.96
6340,70.9881,0.7,0.896
6341,70.9387,0.7,0.94
6342,70.9905,0.9,0.944
6343,71.0066,0.9,0.936
6344,71.1791,0.8,0.936
6345,70.989,0.8,0.936
6346,71.0004,0.8,0.916
6347,70.8668,0.8,0.936
6348,71.0967,0.6,0.928
6349,71.019,0.9,0.936
6350,71.3307,0.8,0.912
6351,70.983,0.8,0.94
6352,71.061,0.8,0.952
6353,71.2064,0.8,0.916
6354,71.3115,0.8,0.924
6355,71.0051,0.9,0.952
6356,70.9356,0.9,0.936
6357,71.1228,0.8,0.94
6358,71.0657,0.8,0.936
6359,71.0391,0.7,0.904
6360,71.1503,0.7,0.932
6361,71.0718,1.0,0.956
6362,71.0636,0.8,0.92
6363,71.3356,0.8,0.92
6364,70.9662,1.0,0.924
6365,71.3484,0.8,0.92
6366,71.3447,0.8,0.92
6367,71.2685,0.7,0.956
6368,71.098,0.8,0.952
6369,70.8874,0.7,0.9
6370,71.0455,0.9,0.948
6371,71.2733,0.9,0.932
6372,71.3365,0.9,0.936
6373,71.224,0.8,0.952
6374,71.2551,0.9,0.952
6375,71.2316,0.8,0.944
6376,71.1326,0.9,0.956
6377,71.2921,0.7,0.924
6378,71.3306,0.9,0.932
6379,71.1792,0.6,0.892
6380,71.0798,0.9,0.908
6381,71.1514,0.8,0.984
6382,71.0295,0.9,0.948
6383,71.0787,0.8,0.936
6384,70.9871,0.9,0.964
6385,71.1485,0.8,0.964
6386,70.9012,0.9,0.952
6387,71.2072,0.7,0.956
6388,71.3171,0.8,0.928
6389,71.123,0.7,0.952
6390,71.2443,0.8,0.944
6391,71.2534,0.7,0.912
6392,71.2696,0.7,0.948
6393,70.998,0.8,0.944
6394,70.9423,0.9,0.904
6395,71.223,0.8,0.96
6396,71.0357,1.0,0.96
6397,71.0738,0.9,0.976
6398,71.1535,0.8,0.956
6399,70.9164,1.0,0.916
6400,71.2374,0.8,0.964
6401,71.0007,0.8,0.956
6402,71.2015,0.8,0.928
6403,71.2629,0.7,0.948
6404,70.967,1.0,0.956
6405,71.0169,0.7,0.916
6406,70.9527,0.8,0.936
6407,71.426,0.7,0.912
6408,71.1441,0.8,0.916
6409,71.0966,0.8,0.956
6410,71.1503,0.8,0.968
6411,71.2121,0.8,0.932
6412,71.2362,0.9,0.936
6413,71.2358,0.7,0.964
6414,71.0664,0.9,0.94
6415,71.2961,0.8,0.912
6416,71.1389,0.8,0.932
6417,71.2256,0.9,0.936
6418,71.3339,0.9,0.948
6419,71.0627,0.8,0.944
6420,71.2316,0.8,0.94
6421,70.8935,0.7,0.924
6422,71.0244,0.9,0.944
6423,71.1212,0.9,0.916
6424,71.0785,0.9,0.94
6425,71.2231,0.8,0.952
6426,71.0002,0.6,0.928
6427,71.2339,0.8,0.968
6428,71.0181,0.9,0.908
6429,71.2132,0.9,0.944
6430,71.2523,0.9,0.924
6431,70.8453,0.8,0.928
6432,71.0792,0.9,0.936
6433,71.1978,0.8,0.928
6434,71.0514,0.9,0.936
6435,70.8303,0.8,0.928
6436,71.3289,0.8,0.932
6437,71.4091,0.8,0.896
6438,71.2602,0.9,0.94
6439,71.2113,0.8,0.96
6440,70.962,0.9,0.92
6441,71.3057,0.8,0.94
6442,71.2679,0.8,0.956
6443,71.2617,0.7,0.96
6444,71.1615,0.7,0.932
6445,71.0593,0.9,0.96
6446,71.0083,0.7,0.924
6447,71.0283,0.9,0.896
6448,71.1754,0.9,0.968
6449,70.9815,0.9,0.96
6450,71.3422,0.9,0.9
6451,70.9693,0.9,0.9
6452,71.113,0.8,0.916
6453,71.4264,0.8,0.924
6454,71.1206,0.7,0.928
6455,71.0743,0.8,0.96
6456,71.1994,0.9,0.956
6457,71.1939,0.8,0.96
6458,71.1856,0.7,0.892
6459,71.0109,0.8,0.944
6460,71.1089,0.8,0.936
6461,71.3635,0.8,0.916
6462,71.1841,0.9,0.936
6463,71.0424,1.0,0.96
6464,70.8683,0.8,0.916
6465,71.2399,0.9,0.928
6466,71.1719,0.8,0.972
6467,71.1748,0.8,0.936
6468,71.189,0.8,0.952
6469,71.1921,0.9,0.956
6470,71.1206,0.8,0.976
6471,71.181,0.9,0.94
6472,71.1497,0.8,0.948
6473,70.9713,0.7,0.884
6474,71.0273,0.8,0.92
6475,71.2047,0.8,0.96
6476,70.9982,0.7,0.932
6477,71.1277,0.7,0.944
6478,70.8014,0.9,0.908
6479,71.0005,0.8,0.936
6480,71.19,0.9,0.936
6481,71.0614,0.8,0.94
6482,71.0417,0.9,0.964
6483,71.4033,0.8,0.932
6484,70.8632,0.9,0.904
6485,70.8985,0.8,0.892
6486,71.3103,0.7,0.944
6487,70.9712,0.9,0.956
6488,70.8583,0.8,0.924
6489,71.0475,0.8,0.92
6490,71.2311,0.8,0.948
6491,71.3933,0.8,0.908
6492,71.1143,0.8,0.952
6493,71.2976,0.7,0.944
6494,71.0134,0.9,0.924
6495,71.0519,0.9,0.908
6496,70.834,0.9,0.924
6497,70.9659,0.9,0.928
6498,71.0784,0.8,0.956
6499,70.8381,0.8,0.916
6500,71.2337,0.8,0.92
6501,71.1387,0.8,0.952
6502,71.1754,0.7,0.936
6503,70.9454,0.9,0.944
6504,70.6914,0.8,0.904
6505,71.067,0.9,0.92
6506,70.9812,0.9,0.94
6507,70.9494,1.0,0.912
6508,71.0386,0.9,0.932
6509,71.0875,1.0,0.956
6510,71.1842,0.9,0.936
6511,71.1757,0.6,0.928
6512,71.1151,0.8,0.924
6513,71.2996,0.8,0.928
6514,71.2286,0.9,0.936
6515,71.1478,1.0,0.96
6516,70.7771,0.8,0.928
6517,71.1799,0.8,0.964
6518,71.006,1.0,0.944
6519,70.8127,0.9,0.916
6520,71.1584,0.8,0.948
6521,70.94,0.9,0.952
6522,71.0482,0.8,0.924
6523,71.2552,0.7,0.972
6524,70.8671,0.9,0.924
6525,71.1045,1.0,0.956
6526,70.9227,0.8,0.94
6527,71.1862,0.9,0.972
6528,71.0233,0.7,0.94
6529,71.2374,0.8,0.956
6530,71.1882,0.8,0.96
6531,71.2493,0.9,0.912
6532,71.2255,0.9,0.948
6533,70.9356,0.8,0.944
6534,71.3181,0.8,0.956
6535,71.1062,0.9,0.972
6536,71.0297,0.9,0.936
6537,70.9138,0.8,0.944
6538,71.2492,0.8,0.94
6539,71.2926,0.7,0.92
6540,71.0921,0.8,0.952
6541,71.1715,0.8,0.96
6542,70.9804,0.7,0.912
6543,71.4417,0.8,0.928
6544,71.1029,0.9,0.948
6545,70.8657,1.0,0.924
6546,71.0719,0.8,0.908
6547,70.7697,0.8,0.944
6548,71.1377,0.7,0.952
6549,70.865,0.9,0.924
6550,70.9488,0.8,0.956
6551,70.9184,0.9,0.9
6552,70.7557,0.8,0.892
6553,71.2583,0.9,0.936
6554,71.1971,0.7,0.928
6555,71.3793,0.9,0.948
6556,71.1806,0.8,0.976
6557,71.3458,0.8,0.94
6558,71.1461,0.9,0.984
6559,71.111,1.0,0.976
6560,71.1189,0.8,0.944
6561,70.8678,0.9,0.932
6562,71.0567,1.0,0.936
6563,70.7373,0.8,0.908
6564,71.0302,0.9,0.92
6565,71.3618,0.8,0.92
6566,70.979,0.8,0.908
6567,70.8501,0.7,0.94
6568,71.1707,0.9,0.948
6569,71.1969,0.9,0.972
6570,71.0806,0.8,0.944
6571,71.109,0.9,0.956
6572,71.1214,0.9,0.928
6573,70.8301,0.6,0.88
6574,71.1999,0.7,0.92
6575,71.2109,0.9,0.96
6576,71.1093,0.8,0.952
6577,71.0374,0.9,0.968
6578,71.2177,0.8,0.9
6579,71.0601,1.0,0.964
6580,71.2853,0.7,0.948
6581,71.247,0.8,0.956
6582,71.2647,0.8,0.948
6583,70.9113,0.9,0.92
6584,71.2109,0.8,0.912
6585,71.0084,0.9,0.94
6586,71.003,0.9,0.936
6587,71.2201,0.8,0.924
6588,70.976,0.9,0.916
6589,71.1968,0.9,0.94
6590,71.2416,0.9,0.932
6591,71.1855,0.8,0.908
6592,71.1525,0.7,0.92
6593,71.1105,0.9,0.952
6594,70.9278,0.9,0.932
6595,71.0948,0.9,0.956
6596,70.9605,0.9,0.94
6597,71.1478,1.0,0.944
6598,71.1222,0.8,0.964
6599,71.0026,0.8,0.944
6600,70.9998,0.8,0.948
6601,71.4166,0.8,0.908
6602,70.7805,0.8,0.892
6603,71.201,0.8,0.912
6604,71.2618,0.8,0.968
6605,71.1639,0.9,0.952
6606,70.9772,0.8,0.92
6607,70.8885,0.9,0.892
6608,70.8651,0.7,0.916
6609,71.0857,0.9,0.964
6610,71.1264,0.8,0.972
6611,71.2736,0.7,0.908
6612,71.2692,0.8,0.956
6613,71.1333,0.8,0.948
6614,70.8026,0.7,0.904
6615,70.94,0.8,0.912
6616,71.1323,1.0,0.968
6617,71.1339,0.9,0.948
6618,71.1014,0.8,0.904
6619,71.1543,0.9,0.96
6620,71.2639,0.7,0.956
6621,71.0193,0.9,0.924
6622,71.272,0.8,0.88
6623,70.9212,0.8,0.916
6624,70.9273,0.7,0.928
6625,71.3077,0.8,0.924
6626,71.1771,0.7,0.964
6627,71.0811,0.8,0.964
6628,71.05,0.8,0.96
6629,71.0829,0.8,0.96
6630,71.1091,0.8,0.928
6631,71.3934,0.6,0.94
6632,71.0005,1.0,0.924
6633,71.0234,0.8,0.928
6634,71.3914,0.8,0.944
6635,70.9765,0.8,0.94
6636,70.9497,0.7,0.92
6637,71.419,0.6,0.892
6638,70.8357,0.8,0.888
6639,70.9775,0.8,0.948
6640,71.2643,0.6,0.94
6641,71.1086,0.7,0.92
6642,71.133,0.9,0.948
6643,71.1581,0.7,0.944
6644,71.2434,0.9,0.96
6645,70.8686,0.8,0.896
6646,71.0243,0.8,0.956
6647,71.2354,0.8,0.956
6648,71.1116,0.7,0.928
6649,71.0223,0.8,0.948
6650,70.9063,0.9,0.904
6651,70.8867,0.9,0.908
6652,70.7726,0.8,0.888
6653,70.8214,0.8,0.92
6654,70.916,0.8,0.916
6655,70.9969,0.8,0.948
6656,70.9976,0.9,0.932
6657,71.2072,0.8,0.932
6658,71.3252,0.8,0.952
6659,71.281,0.6,0.936
6660,71.0781,0.9,0.964
6661,71.0461,0.8,0.968
6662,71.0251,0.8,0.92
6663,71.0552,0.9,0.904
6664,71.2355,0.8,0.964
6665,70.9191,0.9,0.904
6666,70.8793,0.9,0.92
6667,70.8406,0.8,0.912
6668,71.3793,0.8,0.92
6669,71.0379,1.0,0.94
6670,71.0243,1.0,0.972
6671,71.1866,0.7,0.924
6672,71.292,0.7,0.952
6673,70.9113,0.7,0.872
6674,71.3937,0.7,0.904
6675,71.1387,0.8,0.948
6676,70.8745,0.8,0.896
6677,71.0173,0.9,0.92
6678,70.9763,0.9,0.92
6679,71.1887,0.8,0.94
6680,70.933,0.9,0.948
6681,70.8989,0.9,0.936
6682,71.3178,0.8,0.904
6683,70.9904,0.9,0.924
6684,71.1832,0.9,0.936
6685,71.1345,0.9,0.968
6686,71.0801,0.8,0.928
6687,71.3969,0.8,0.932
6688,71.2323,0.9,0.944
6689,71.1217,0.7,0.964
6690,70.7735,0.7,0.92
6691,71.2931,0.8,0.968
6692,71.1603,0.8,0.952
6693,71.1156,0.8,0.94
6694,70.83,0.9,0.888
6695,71.2471,0.7,0.936
6696,71.3855,0.8,0.92
6697,71.1421,0.8,0.9
6698,70.9755,0.8,0.928
6699,71.2745,0.8,0.944
6700,71.4801,0.7,0.908
6701,71.2111,0.9,0.948
6702,71.3474,0.6,0.928
6703,71.0833,1.0,0.952
6704,71.2451,0.8,0.928
6705,71.1119,0.9,0.928
6706,71.025,0.7,0.92
6707,71.1993,0.9,0.96
6708,71.0719,0.9,0.948
6709,70.8806,0.8,0.924
6710,71.191,0.8,0.96
6711,70.8545,0.9,0.88
6712,71.2687,0.9,0.912
6713,71.0627,0.9,0.94
6714,70.9968,0.8,0.948
6715,70.8711,0.6,0.904
6716,71.1333,0.8,0.928
6717,70.9529,0.9,0.904
6718,70.9503,0.9,0.92
6719,70.9178,0.9,0.916
6720,70.98,0.9,0.944
6721,71.2834,0.7,0.956
6722,71.1198,0.9,0.944
6723,71.0109,1.0,0.932
6724,70.9896,0.9,0.94
6725,71.2742,0.7,0.944
6726,71.1883,0.7,0.936
6727,71.0081,0.8,0.908
6728,70.9985,0.9,0.924
6729,71.0209,1.0,0.956
6730,70.7722,0.8,0.888
6731,70.9925,0.9,0.936
6732,71.0758,0.7,0.932
6733,70.9753,1.0,0.932
6734,71.1671,0.8,0.948
6735,71.0209,0.9,0.964
6736,71.1429,0.9,0.96
6737,71.2448,0.7,0.912
6738,71.1048,0.7,0.9
6739,70.911,0.8,0.932
6740,71.1818,0.9,0.972
6741,71.1133,0.9,0.904
6742,70.943,0.7,0.86
6743,71.2665,0.8,0.932
6744,71.1194,0.8,0.9
6745,71.2738,0.6,0.932
6746,70.8129,0.9,0.92
6747,71.2843,0.8,0.944
6748,70.9249,0.9,0.956
6749,70.8858,0.8,0.892
6750,70.9308,0.8,0.904
6751,71.2008,0.7,0.936
6752,71.2768,0.7,0.956
6753,70.9719,0.9,0.964
6754,71.181,0.8,0.948
6755,70.8926,0.8,0.9
6756,71.1605,0.7,0.936
6757,71.0918,0.9,0.948
6758,71.1036,0.8,0.964
6759,71.1845,0.8,0.984
6760,71.0215,0.8,0.924
6761,71.0527,0.9,0.904
6762,71.198,0.8,0.944
6763,71.1437,0.8,0.92
6764,71.1718,0.8,0.94
6765,70.973,0.9,0.96
6766,70.9225,0.7,0.932
6767,70.9968,1.0,0.964
6768,71.1707,0.6,0.936
6769,71.1464,0.8,0.976
6770,71.1493,0.9,0.952
6771,70.9628,0.9,0.94
6772,71.1638,0.9,0.944
6773,71.3182,0.8,0.94
6774,71.2321,0.9,0.924
6775,71.1775,0.6,0.932
6776,71.292,0.8,0.948
6777,71.2589,0.7,0.884
6778,71.2695,0.7,0.952
6779,71.0531,0.8,0.96
6780,71.2569,0.8,0.96
6781,71.2589,0.7,0.968
6782,71.2588,0.9,0.96
6783,71.1896,0.9,0.952
6784,71.1704,0.9,0.968
6785,71.1695,0.8,0.952
6786,71.1055,0.8,0.888
6787,71.3523,0.9,0.956
6788,71.2117,0.8,0.88
6789,71.0121,0.8,0.924
6790,70.8522,0.7,0.912
6791,71.0794,0.8,0.96
6792,71.1407,0.9,0.952
6793,70.9101,0.7,0.936
6794,71.0688,0.8,0.932
6795,71.1113,0.8,0.936
6796,71.0587,0.7,0.936
6797,71.231,0.8,0.944
6798,71.0301,0.8,0.96
6799,70.9089,0.9,0.916
6800,71.2178,0.9,0.968
6801,71.2026,0.9,0.94
6802,71.1901,0.7,0.892
6803,71.2149,0.9,0.928
6804,71.107,0.8,0.968
6805,71.0647,0.9,0.976
6806,71.1554,0.9,0.96
6807,71.263,0.8,0.92
6808,71.0715,0.8,0.956
6809,71.1388,0.8,0.928
6810,71.0528,1.0,0.964
6811,70.9314,0.7,0.92
6812,71.0688,0.7,0.932
6813,70.9008,0.9,0.94
6814,70.9229,1.0,0.916
6815,71.3694,0.8,0.94
6816,71.1634,0.8,0.944
6817,71.0466,1.0,0.968
6818,70.8178,0.8,0.888
6819,70.9964,0.8,0.932
6820,71.1221,0.8,0.968
6821,70.8603,0.8,0.944
6822,70.9924,0.8,0.936
6823,71.0401,0.9,0.928
6824,71.3603,0.7,0.944
6825,70.8792,0.8,0.9
6826,70.8758,0.9,0.948
6827,71.1765,0.8,0.972
6828,70.7269,0.7,0.884
6829,71.1675,0.9,0.932
6830,71.2874,0.8,0.932
6831,71.329,0.8,0.924
6832,71.0728,1.0,0.94
6833,71.2049,0.9,0.948
6834,70.9445,0.8,0.944
6835,71.0022,1.0,0.964
6836,70.9204,0.9,0.948
6837,71.2544,0.8,0.94
6838,71.0852,0.9,0.944
6839,70.8905,0.8,0.892
6840,71.095,0.8,0.936
6841,71.0679,0.7,0.904
6842,71.1721,0.8,0.972
6843,71.0664,0.8,0.908
6844,71.1746,0.8,0.908
6845,71.4146,0.8,0.936
6846,71.0746,0.8,0.944
6847,71.2338,0.7,0.924
6848,71.3088,0.8,0.936
6849,71.3234,0.9,0.896
6850,71.0514,0.8,0.948
6851,71.0777,0.7,0.928
6852,71.2333,0.9,0.968
6853,71.1812,0.9,0.956
6854,71.0817,0.9,0.932
6855,71.0836,0.7,0.932
6856,71.1076,0.8,0.916
6857,71.2024,0.8,0.952
6858,71.2013,0.9,0.944
6859,70.9445,0.9,0.964
6860,71.1895,0.9,0.952
6861,71.0592,0.8,0.948
6862,71.224,0.8,0.944
6863,71.0562,0.8,0.924
6864,70.9103,0.9,0.9
6865,71.1624,1.0,0.952
6866,71.0548,0.9,0.948
6867,71.0021,0.8,0.948
6868,71.0898,0.9,0.952
6869,71.2583,0.9,0.92
6870,71.1424,0.8,0.92
6871,71.091,0.7,0.956
6872,71.0176,1.0,0.936
6873,71.2275,0.7,0.972
6874,71.0499,0.9,0.908
6875,71.2673,0.8,0.94
6876,71.1782,0.9,0.932
6877,71.197,0.8,0.916
6878,71.0519,0.7,0.964
6879,70.9167,0.8,0.924
6880,71.1121,0.8,0.944
6881,71.2002,0.8,0.936
6882,70.8676,0.8,0.932
6883,70.9873,0.8,0.944
6884,71.1613,0.8,0.972
6885,71.2907,0.8,0.904
6886,71.2065,0.8,0.968
6887,71.2382,0.8,0.892
6888,70.938,0.9,0.94
6889,71.2745,0.8,0.936
6890,70.8621,0.9,0.944
6891,70.9459,0.8,0.932
6892,71.0006,1.0,0.94
6893,71.197,0.8,0.936
6894,71.0343,0.8,0.952
6895,70.9673,0.9,0.968
6896,71.1303,0.8,0.956
6897,70.8369,0.8,0.932
6898,71.2256,0.8,0.956
6899,71.2497,0.9,0.972
6900,70.9887,0.9,0.956
6901,71.1939,0.8,0.968
6902,70.9933,0.9,0.952
6903,71.0427,0.7,0.948
6904,71.1551,0.9,0.932
6905,70.9211,0.9,0.948
6906,71.0594,0.8,0.948
6907,71.2432,0.9,0.964
6908,71.0501,1.0,0.952
6909,70.8896,0.8,0.908
6910,71.2839,0.9,0.936
6911,71.0864,0.9,0.932
6912,71.1301,0.8,0.944
6913,71.0127,0.8,0.912
6914,71.1275,0.8,0.932
6915,71.2323,0.8,0.924
6916,71.097,0.9,0.964
6917,71.1165,0.8,0.936
6918,70.9132,0.9,0.936
6919,70.8059,0.7,0.912
6920,70.9458,0.9,0.928
6921,71.0537,0.7,0.936
6922,71.1388,0.8,0.956
6923,71.2206,0.8,0.952
6924,70.9466,1.0,0.932
6925,70.9455,0.7,0.908
6926,71.043,0.9,0.916
6927,71.2657,0.9,0.94
6928,71.1374,0.9,0.964
6929,70.8802,0.9,0.928
6930,71.3158,0.8,0.916
6931,71.0527,0.8,0.932
6932,71.0334,0.9,0.896
6933,71.0556,0.9,0.932
6934,71.046,0.9,0.932
6935,71.1469,0.8,0.94
6936,71.0765,0.7,0.924
6937,70.7778,0.8,0.904
6938,70.8736,0.9,0.904
6939,71.3451,0.8,0.956
6940,70.9391,0.9,0.948
6941,71.0007,0.9,0.964
6942,71.1695,0.6,0.94
6943,70.9482,0.8,0.944
6944,71.0298,0.8,0.916
6945,71.2269,0.8,0.932
6946,71.0997,0.9,0.948
6947,71.2093,0.7,0.952
6948,71.2735,0.7,0.94
6949,71.1285,0.9,0.948
6950,71.2764,0.8,0.924
6951,71.159,0.7,0.956
6952,71.1394,0.8,0.924
6953,71.1562,0.9,0.916
6954,71.2955,0.9,0.964
6955,70.8851,0.7,0.884
6956,70.8676,0.9,0.92
6957,71.3434,0.8,0.9
6958,71.0754,0.9,0.92
6959,71.006,0.9,0.928
6960,70.8916,0.9,0.936
6961,71.0173,0.8,0.94
6962,71.3383,0.8,0.912
6963,71.4956,0.6,0.916
6964,71.1593,0.8,0.948
6965,71.1382,0.7,0.96
6966,70.8321,0.8,0.912
6967,71.06,0.8,0.92
6968,71.1349,0.7,0.936
6969,71.3654,0.8,0.936
6970,71.0362,1.0,0.948
6971,71.3042,0.7,0.944
6972,70.7998,0.7,0.908
6973,71.2758,0.8,0.94
6974,71.0469,0.7,0.912
6975,71.3226,0.8,0.928
6976,71.1345,0.9,0.952
6977,70.9984,1.0,0.94
6978,70.9586,0.8,0.904
6979,71.0709,1.0,0.952
6980,71.2059,0.9,0.96
6981,71.3093,0.7,0.908
6982,71.1301,0.7,0.96
6983,71.194,0.8,0.968
6984,71.2075,0.9,0.94
6985,71.2283,0.8,0.972
6986,70.9709,0.9,0.928
6987,70.9654,0.8,0.916
6988,71.1483,0.8,0.952
6989,71.2234,0.9,0.936
6990,71.2668,0.8,0.952
6991,71.291,0.8,0.948
6992,70.8304,0.9,0.944
6993,71.1722,0.8,0.972
6994,71.1837,0.8,0.932
6995,71.0509,0.9,0.924
6996,71.0165,0.7,0.924
6997,71.2435,0.9,0.976
6998,71.161,0.9,0.928
6999,70.7956,0.7,0.908
7000,71.1172,0.8,0.936
7001,71.0927,0.7,0.94
7002,71.2548,0.8,0.952
7003,71.1602,0.9,0.96
7004,71.1528,0.8,0.956
7005,70.7785,0.8,0.904
7006,70.9873,0.8,0.952
7007,70.7859,0.8,0.904
7008,70.889,0.8,0.908
7009,71.0512,0.9,0.936
7010,70.8002,0.9,0.924
7011,71.2334,0.9,0.968
7012,70.8958,0.8,0.908
7013,71.2163,0.8,0.94
7014,71.1961,0.8,0.952
7015,71.1701,0.6,0.912
7016,71.1273,0.7,0.924
7017,71.061,0.8,0.944
7018,71.218,0.8,0.948
7019,71.2151,0.8,0.968
7020,70.9301,1.0,0.9
7021,70.8626,0.8,0.9
7022,71.2586,0.8,0.952
7023,70.747,0.8,0.9
7024,71.1588,0.9,0.964
7025,71.0902,1.0,0.956
7026,71.1057,0.9,0.948
7027,71.0035,0.8,0.912
7028,71.1694,0.9,0.94
7029,70.986,1.0,0.94
7030,70.9857,1.0,0.952
7031,70.8636,0.7,0.916
7032,71.22,0.9,0.956
7033,71.0755,0.8,0.972
7034,71.1925,0.9,0.936
7035,71.0634,0.8,0.912
7036,70.8925,0.8,0.908
7037,71.1483,0.8,0.928
7038,71.2755,0.8,0.928
7039,71.2329,0.8,0.972
7040,71.1058,0.9,0.936
7041,71.0292,0.8,0.872
7042,70.8465,0.8,0.912
7043,71.0628,0.8,0.972
7044,71.0121,0.8,0.896
7045,70.8829,0.7,0.924
7046,71.2126,0.9,0.952
7047,70.9064,0.8,0.9
7048,71.0319,0.9,0.952
7049,71.1085,0.8,0.904
7050,71.3218,0.8,0.948
7051,71.049,0.7,0.936
7052,71.1973,0.9,0.916
7053,71.2877,0.9,0.896
7054,71.1499,0.7,0.912
7055,71.191,0.9,0.96
7056,70.9823,0.7,0.936
7057,71.1473,0.7,0.932
7058,71.2001,0.8,0.94
7059,70.7737,0.8,0.908
7060,70.9925,0.9,0.908
7061,70.9964,0.7,0.9
7062,71.2261,0.8,0.956
7063,71.0802,0.8,0.956
7064,71.4776,0.8,0.92
7065,71.1302,0.9,0.952
7066,70.9906,0.9,0.948
7067,71.0184,0.8,0.94
7068,71.2187,0.8,0.944
7069,70.8484,0.9,0.896
7070,71.2008,0.8,0.972
7071,71.2578,0.8,0.956
7072,71.0832,0.8,0.944
7073,71.0778,0.8,0.94
7074,71.2381,0.8,0.964
7075,71.0074,0.9,0.948
7076,70.8886,0.7,0.928
7077,70.9463,0.9,0.936
7078,71.3252,0.6,0.94
7079,71.3724,0.8,0.956
7080,71.1097,1.0,0.956
7081,71.283,0.9,0.912
7082,70.9776,0.8,0.9
7083,70.9601,0.9,0.928
7084,71.2757,0.9,0.96
7085,71.2249,0.9,0.932
7086,70.9443,0.8,0.932
7087,70.9784,0.8,0.948
7088,71.0808,0.8,0.92
7089,71.0612,0.9,0.96
7090,70.9375,0.8,0.908
7091,71.0024,0.8,0.94
7092,71.2981,0.8,0.948
7093,71.3342,0.8,0.916
7094,71.2725,0.8,0.928
7095,71.1064,0.8,0.96
7096,70.9579,0.9,0.92
7097,71.1297,0.9,0.952
7098,71.1046,0.8,0.956
7099,70.9759,0.9,0.92
7100,71.0322,0.8,0.94
7101,71.4185,0.8,0.932
7102,71.1621,0.7,0.96
7103,71.0753,0.8,0.952
7104,70.9525,0.9,0.936
7105,71.006,1.0,0.924
7106,71.0838,0.8,0.92
7107,71.0455,0.8,0.944
7108,70.8995,0.9,0.92
7109,70.8158,0.8,0.916
7110,71.2194,0.8,0.952
7111,71.2367,0.8,0.932
7112,71.1513,1.0,0.948
7113,71.3113,0.8,0.948
7114,71.3358,0.8,0.94
7115,71.0926,0.8,0.976
7116,70.9376,0.8,0.88
7117,71.1294,0.9,0.948
7118,70.8278,0.8,0.9
7119,71.0719,0.9,0.956
7120,71.0765,0.7,0.892
7121,71.3744,0.7,0.892
7122,70.9261,0.8,0.904
7123,71.0511,0.9,0.936
7124,70.9977,0.7,0.928
7125,71.1638,1.0,0.928
7126,71.0988,0.9,0.948
7127,71.1294,0.8,0.948
7128,71.108,1.0,0.948
7129,71.0198,0.7,0.928
7130,71.1559,0.8,0.98
7131,71.3587,0.8,0.92
7132,71.1229,0.9,0.956
7133,71.1064,0.8,0.916
7134,71.2539,0.8,0.936
7135,70.8985,0.8,0.88
7136,70.9666,0.9,0.928
7137,71.0422,0.8,0.96
7138,71.0417,0.8,0.94
7139,71.0901,0.9,0.916
7140,71.1296,0.9,0.884
7141,70.8775,0.8,0.932
7142,71.1229,0.9,0.956
7143,71.1046,0.9,0.928
7144,71.15,0.9,0.928
7145,70.935,0.9,0.952
7146,71.0223,0.8,0.916
7147,70.9147,0.9,0.944
7148,71.1798,0.9,0.968
7149,71.2499,0.9,0.956
7150,71.0716,0.8,0.932
7151,70.949,0.8,0.872
7152,71.1475,0.8,0.952
7153,71.0488,0.9,0.964
7154,71.1805,0.8,0.972
7155,71.0096,0.7,0.888
7156,71.376,0.6,0.944
7157,71.3094,0.8,0.94
7158,71.188,1.0,0.96
7159,71.1267,0.8,0.968
7160,71.2909,0.8,0.92
7161,70.9996,1.0,0.94
7162,71.2648,0.8,0.94
7163,71.1698,1.0,0.944
7164,71.0736,0.9,0.972
7165,71.0836,1.0,0.968
7166,70.9153,0.8,0.928
7167,71.3086,0.8,0.936
7168,71.2927,0.8,0.936
7169,71.2377,0.7,0.924
7170,71.0382,0.8,0.912
7171,70.8516,0.9,0.924
7172,70.9129,1.0,0.912
7173,71.2627,0.8,0.94
7174,71.1105,1.0,0.964
7175,71.072,0.8,0.928
7176,70.9897,1.0,0.928
7177,71.21,0.9,0.964
7178,70.9904,1.0,0.956
7179,71.0062,0.7,0.9
7180,71.0712,0.8,0.916
7181,71.0423,0.9,0.964
7182,71.1895,0.8,0.952
7183,71.0381,1.0,0.984
7184,70.7805,0.8,0.904
7185,70.9637,0.8,0.928
7186,70.908,0.9,0.932
7187,70.9767,0.8,0.896
7188,71.2377,0.7,0.936
7189,71.2173,0.8,0.952
7190,71.1011,1.0,0.952
7191,71.3918,0.6,0.932
7192,71.2849,0.6,0.944
7193,71.2864,0.9,0.924
7194,71.3399,0.8,0.932
7195,71.2189,0.8,0.972
7196,71.1594,0.8,0.976
7197,71.1338,0.8,0.976
7198,71.2012,0.8,0.948
7199,71.1702,0.9,0.944
7200,71.0487,0.9,0.94
7201,71.0744,0.9,0.936
7202,71.1802,0.9,0.956
7203,71.148,0.9,0.956
7204,70.9842,0.8,0.944
7205,71.2367,0.9,0.952
7206,71.0088,0.7,0.912
7207,71.233,0.8,0.956
7208,71.2531,0.8,0.952
7209,71.1436,0.8,0.952
7210,71.1438,0.9,0.96
7211,71.1861,0.8,0.952
7212,70.9677,0.9,0.928
7213,71.2717,0.8,0.92
7214,71.2347,0.9,0.944
7215,71.0679,0.9,0.92
7216,71.1334,0.8,0.956
7217,71.3183,0.8,0.976
7218,71.1542,0.9,0.968
7219,70.9946,1.0,0.952
7220,71.1763,0.9,0.956
7221,71.0578,0.7,0.92
7222,71.1583,0.9,0.972
7223,71.0383,0.7,0.932
7224,71.0312,0.7,0.948
7225,71.339,0.8,0.944
7226,71.097,0.9,0.948
7227,71.0333,0.9,0.96
7228,71.309,0.8,0.952
7229,71.0658,0.8,0.94
7230,70.9334,0.8,0.94
7231,71.0899,0.8,0.96
7232,71.2098,0.9,0.952
7233,71.11,1.0,0.984
7234,71.1883,0.9,0.956
7235,70.866,0.9,0.932
7236,70.8704,0.7,0.924
7237,71.3035,0.7,0.928
7238,71.0782,0.9,0.952
7239,71.114,0.8,0.94
7240,71.2552,0.7,0.936
7241,71.1131,0.8,0.956
7242,71.0458,0.8,0.944
7243,70.8631,0.7,0.952
7244,71.3578,0.7,0.948
7245,71.2016,0.8,0.952
7246,71.2865,0.8,0.964
7247,71.4557,0.8,0.928
7248,71.0948,0.8,0.968
7249,71.1425,0.9,0.98
7250,71.0085,0.8,0.936
7251,71.0584,0.7,0.94
7252,70.9986,0.9,0.932
7253,71.0356,0.8,0.964
7254,71.2975,0.7,0.904
7255,71.0607,0.7,0.936
7256,71.075,0.8,0.948
7257,71.178,0.8,0.94
7258,70.9505,0.9,0.928
7259,71.1272,0.8,0.964
7260,71.0576,0.7,0.904
7261,71.1866,0.9,0.924
7262,71.3204,0.8,0.924
7263,71.1842,0.8,0.96
7264,70.8544,0.7,0.94
7265,70.9062,0.8,0.896
7266,71.061,0.8,0.956
7267,70.9732,0.9,0.892
7268,71.2181,0.9,0.96
7269,71.0711,0.8,0.936
7270,71.2027,1.0,0.948
7271,71.4234,0.7,0.916
7272,70.832,0.8,0.924
7273,71.1185,0.7,0.968
7274,71.0758,0.9,0.956
7275,70.9374,0.7,0.924
7276,71.2492,0.7,0.94
7277,71.1263,0.7,0.952
7278,70.9304,0.8,0.904
7279,71.1527,0.8,0.94
7280,71.0475,0.9,0.952
7281,71.2153,0.9,0.968
7282,70.9606,0.9,0.94
7283,71.3467,0.8,0.912
7284,70.9429,0.8,0.9
7285,71.1793,0.8,0.968
7286,71.1974,0.8,0.964
7287,71.1229,0.8,0.92
7288,70.9569,0.9,0.924
7289,70.802,0.7,0.912
7290,71.2997,0.9,0.884
7291,70.9722,0.8,0.924
7292,71.3134,0.6,0.928
7293,70.8325,0.8,0.924
7294,71.1856,0.8,0.956
7295,71.0389,0.9,0.912
7296,71.1714,0.9,0.952
7297,70.8019,0.8,0.9
7298,71.2369,0.8,0.936
7299,71.5061,0.7,0.912
7300,71.1627,0.8,0.948
7301,71.0316,1.0,0.976
7302,71.0063,0.8,0.936
7303,71.0053,0.9,0.952
7304,71.1418,0.8,0.952
7305,71.2224,0.9,0.932
7306,71.2477,0.9,0.944
7307,70.9456,0.9,0.948
7308,71.197,0.9,0.928
7309,70.9367,0.8,0.952
7310,71.0261,0.8,0.936
7311,71.4074,0.8,0.952
7312,70.944,0.8,0.948
7313,71.0416,0.9,0.968
7314,70.9375,0.9,0.932
7315,71.1471,0.9,0.96
7316,71.0566,1.0,0.968
7317,70.989,0.8,0.948
7318,71.3896,0.8,0.908
7319,70.9275,0.9,0.96
7320,71.092,0.8,0.94
7321,71.0241,0.7,0.936
7322,71.4137,0.5,0.904
7323,71.0041,0.8,0.952
7324,71.1619,0.8,0.916
7325,70.8033,0.8,0.928
7326,71.1284,0.8,0.972
7327,70.6852,0.8,0.884
7328,71.1713,0.9,0.936
7329,70.9132,0.9,0.932
7330,70.9305,1.0,0.936
7331,70.9487,0.9,0.964
7332,71.2543,0.7,0.944
7333,71.1813,0.8,0.944
7334,70.9655,0.9,0.964
7335,71.2459,0.9,0.928
7336,71.1382,0.9,0.944
7337,71.1826,0.9,0.944
7338,71.2116,0.8,0.944
7339,71.1943,0.9,0.936
7340,71.2002,0.7,0.964
7341,71.2389,0.9,0.904
7342,71.2743,0.8,0.96
7343,71.421,0.7,0.948
7344,71.0723,1.0,0.908
7345,70.9576,0.8,0.94
7346,70.9469,0.9,0.956
7347,70.8755,0.9,0.912
7348,71.3737,0.7,0.92
7349,71.0396,0.9,0.932
7350,70.9896,1.0,0.936
7351,70.8484,0.8,0.884
7352,71.142,0.7,0.908
7353,71.1642,0.8,0.952
7354,71.2003,0.8,0.944
7355,71.1162,0.9,0.964
7356,71.0523,0.8,0.964
7357,71.071,0.8,0.968
7358,70.9376,0.9,0.96
7359,71.1184,0.7,0.948
7360,71.2676,0.8,0.964
7361,71.433,0.7,0.888
7362,71.4368,0.8,0.944
7363,71.2255,0.8,0.956
7364,71.2829,0.8,0.884
7365,70.8456,0.8,0.936
7366,71.3649,0.8,0.924
7367,71.1113,0.9,0.936
7368,70.9431,0.9,0.936
7369,71.1814,0.7,0.932
7370,71.0988,0.8,0.896
7371,71.0254,0.8,0.92
7372,71.2761,0.8,0.952
7373,71.2061,0.6,0.952
7374,71.1164,0.9,0.968
7375,71.0593,0.8,0.944
7376,71.4094,0.7,0.9
7377,71.1563,0.8,0.944
7378,71.4343,0.8,0.92
7379,71.0425,0.9,0.924
7380,71.3804,0.7,0.94
7381,71.0353,0.8,0.928
7382,71.3112,0.7,0.944
7383,71.033,0.8,0.94
7384,70.9464,0.7,0.908
7385,71.2852,0.7,0.94
7386,71.1299,0.8,0.944
7387,71.0732,0.8,0.952
7388,71.3654,0.8,0.936
7389,71.0221,0.8,0.936
7390,71.1437,0.8,0.972
7391,71.1988,1.0,0.964
7392,71.302,0.9,0.916
7393,71.0838,0.8,0.908
7394,71.0864,0.8,0.94
7395,71.0046,0.9,0.968
7396,71.0712,0.7,0.924
7397,71.116,0.8,0.936
7398,71.305,0.8,0.912
7399,71.1232,0.9,0.976
7400,71.1596,0.8,0.932
7401,71.0425,0.9,0.948
7402,70.958,0.9,0.948
7403,71.006,1.0,0.916
7404,70.9423,0.9,0.944
7405,71.0337,0.8,0.944
7406,71.1098,0.9,0.988
7407,71.2546,0.6,0.944
7408,71.2268,0.8,0.968
7409,71.1268,0.9,0.944
7410,71.2846,0.8,0.952
7411,71.0399,0.7,0.94
7412,71.0619,0.8,0.964
7413,71.1617,0.7,0.936
7414,71.2882,0.8,0.956
7415,70.9967,0.9,0.936
7416,71.123,0.9,0.944
7417,71.4972,0.6,0.912
7418,71.1217,0.8,0.916
7419,71.2989,0.8,0.908
7420,71.203,0.9,0.964
7421,70.9919,0.9,0.924
7422,70.9575,0.9,0.968
7423,71.1336,0.8,0.98
7424,71.3521,0.8,0.948
7425,71.2035,0.8,0.948
7426,71.2948,0.8,0.904
7427,71.2627,0.8,0.952
7428,71.0204,0.7,0.944
7429,71.1639,0.7,0.964
7430,71.2264,0.8,0.948
7431,70.9282,0.9,0.948
7432,70.9186,0.8,0.92
7433,70.938,0.8,0.932
7434,71.2105,0.7,0.94
7435,71.1396,0.8,0.972
7436,71.2727,0.7,0.932
7437,70.8768,0.8,0.944
7438,71.1322,0.7,0.936
7439,71.131,0.9,0.936
7440,70.9617,0.8,0.952
7441,71.0921,0.9,0.904
7442,70.9607,0.9,0.92
7443,71.1842,0.7,0.936
7444,71.242,0.8,0.956
7445,71.3276,0.7,0.94
7446,71.0719,1.0,0.976
7447,71.2859,0.9,0.932
7448,71.1383,0.8,0.956
7449,71.2557,0.8,0.94
7450,71.073,0.8,0.948
7451,71.2065,0.9,0.952
7452,71.1346,0.9,0.956
7453,71.074,0.8,0.956
7454,71.1486,0.8,0.96
7455,71.0286,0.8,0.964
7456,71.2593,0.8,0.968
7457,70.9837,0.7,0.904
7458,71.1923,0.8,0.924
7459,71.1605,0.8,0.944
7460,71.0493,0.7,0.932
7461,70.8513,0.7,0.884
7462,71.1971,0.8,0.952
7463,70.8544,0.9,0.92
7464,70.859,0.9,0.936
7465,71.2771,0.8,0.956
7466,71.2942,0.9,0.932
7467,71.032,0.8,0.964
7468,71.1629,0.8,0.976
7469,71.1896,0.9,0.936
7470,71.0413,0.9,0.892
7471,70.8996,0.9,0.92
7472,71.0295,0.8,0.968
7473,71.2107,0.9,0.932
7474,71.2127,0.8,0.972
7475,70.9499,0.9,0.944
7476,71.1764,0.7,0.956
7477,71.028,0.8,0.916
7478,71.1566,1.0,0.936
7479,71.1679,0.7,0.944
7480,70.8968,0.9,0.936
7481,70.8891,0.8,0.92
7482,71.0491,0.9,0.952
7483,71.1926,0.9,0.912
7484,71.0323,0.9,0.976
7485,71.3715,0.7,0.936
7486,71.0844,0.8,0.932
7487,71.1026,1.0,0.94
7488,71.2038,0.9,0.912
7489,71.0587,0.9,0.952
7490,71.2728,0.8,0.944
7491,70.7767,0.7,0.892
7492,71.2704,0.7,0.928
7493,71.2866,0.8,0.972
7494,71.0256,1.0,0.948
7495,71.2386,0.9,0.9
7496,70.9494,1.0,0.92
7497,71.3139,0.7,0.952
7498,71.064,0.7,0.888
7499,70.917,0.9,0.948
7500,71.3085,0.8,0.928
7501,70.8917,0.8,0.944
7502,71.3085,0.9,0.94
7503,71.1691,0.9,0.94
7504,70.876,0.9,0.932
7505,71.0671,0.8,0.948
7506,70.9381,0.7,0.904
7507,71.1946,0.8,0.944
7508,71.1138,0.8,0.9
7509,71.1709,0.9,0.948
7510,71.2415,0.9,0.904
7511,71.3239,0.8,0.916
7512,71.085,0.8,0.924
7513,71.0963,0.8,0.94
7514,70.9111,0.8,0.888
7515,71.1112,0.9,0.924
7516,70.9399,0.9,0.94
7517,71.0775,0.9,0.952
7518,70.9157,0.9,0.92
7519,71.1467,0.8,0.952
7520,71.1891,0.8,0.968
7521,70.9594,1.0,0.924
7522,71.2233,0.9,0.956
7523,71.2868,0.6,0.948
7524,71.1194,0.8,0.956
7525,71.0745,0.8,0.928
7526,71.1344,0.8,0.968
7527,71.0353,0.8,0.94
7528,71.2788,0.9,0.904
7529,70.9428,0.9,0.904
7530,70.9145,0.7,0.924
7531,71.1626,0.9,0.96
7532,71.1517,0.7,0.968
7533,71.1429,0.9,0.936
7534,70.9932,1.0,0.952
7535,70.8949,0.8,0.916
7536,71.0292,0.9,0.932
7537,70.8821,0.8,0.928
7538,71.3217,0.7,0.932
7539,71.1426,0.9,0.956
7540,71.0735,0.8,0.972
7541,71.2158,0.8,0.964
7542,71.069,0.9,0.932
7543,71.1893,0.8,0.92
7544,70.8344,0.8,0.912
7545,71.0075,0.8,0.9
7546,71.1719,0.7,0.924
7547,71.1856,0.8,0.944
7548,71.2103,0.8,0.932
7549,71.0399,0.8,0.924
7550,70.789,0.8,0.916
7551,71.2261,0.6,0.924
7552,71.0572,0.8,0.964
7553,70.9169,0.8,0.944
7554,71.3129,0.8,0.92
7555,70.9983,0.8,0.944
7556,70.9662,0.8,0.932
7557,70.9378,0.9,0.944
7558,71.0402,0.9,0.964
7559,71.0201,1.0,0.964
7560,71.308,0.8,0.932
7561,70.6869,0.8,0.872
7562,70.9175,0.8,0.892
7563,70.882,0.9,0.936
7564,70.9722,0.9,0.936
7565,70.9954,0.7,0.92
7566,71.1558,0.8,0.94
7567,71.0543,0.8,0.94
7568,71.2861,0.8,0.96
7569,71.0675,0.8,0.936
7570,70.9131,0.8,0.936
7571,70.9914,0.8,0.948
7572,71.1647,0.8,0.952
7573,71.0765,0.7,0.952
7574,70.9335,0.9,0.968
7575,71.0263,0.9,0.96
7576,71.1912,0.8,0.948
7577,71.1855,0.7,0.936
7578,71.1648,0.9,0.948
7579,70.945,0.9,0.932
7580,71.3485,0.8,0.924
7581,71.1037,0.8,0.932
7582,70.8879,0.7,0.888
7583,71.0328,0.9,0.972
7584,71.1393,0.8,0.936
7585,70.9845,0.8,0.92
7586,71.3062,0.8,0.948
7587,71.1434,1.0,0.952
7588,71.144,0.7,0.944
7589,71.1825,0.7,0.912
7590,70.9242,0.8,0.928
7591,70.8507,0.7,0.924
7592,71.2567,0.8,0.968
7593,71.2199,1.0,0.932
7594,71.0232,0.8,0.936
7595,70.9381,0.8,0.928
7596,71.0532,0.8,0.952
7597,71.0763,1.0,0.932
7598,71.1551,0.9,0.932
7599,71.3752,0.7,0.916
7600,71.3977,0.8,0.936
7601,70.9785,0.9,0.944
7602,70.6603,0.7,0.892
7603,70.9316,0.9,0.884
7604,71.1162,0.9,0.944
7605,71.1909,0.9,0.944
7606,71.1243,0.8,0.96
7607,71.1014,0.9,0.968
7608,70.8954,0.8,0.932
7609,71.2246,0.7,0.944
7610,71.2832,0.8,0.932
7611,71.1495,0.8,0.932
7612,71.0707,0.8,0.944
7613,71.0872,0.8,0.968
7614,71.165,0.7,0.936
7615,71.175,0.9,0.944
7616,71.1087,0.9,0.948
7617,71.1135,0.8,0.94
7618,70.8471,0.8,0.944
7619,71.0353,0.9,0.932
7620,71.4061,0.8,0.952
7621,71.0378,0.8,0.932
7622,70.8534,0.9,0.948
7623,71.0709,1.0,0.968
7624,71.2764,0.8,0.956
7625,71.3109,0.9,0.92
7626,71.0954,0.9,0.944
7627,71.0314,0.7,0.912
7628,71.3524,0.8,0.92
7629,71.1328,0.8,0.948
7630,71.1848,0.8,0.956
7631,71.0947,0.9,0.944
7632,71.2482,0.8,0.944
7633,71.0962,0.7,0.956
7634,70.8227,0.7,0.912
7635,71.2457,0.8,0.924
7636,71.2089,0.8,0.936
7637,71.2011,0.8,0.924
7638,71.1717,1.0,0.968
7639,71.0205,0.9,0.944
7640,71.3366,0.7,0.94
7641,71.2012,0.8,0.976
7642,70.9537,0.8,0.92
7643,71.0854,0.7,0.916
7644,71.1447,0.7,0.94
7645,71.0915,0.7,0.904
7646,71.1343,0.8,0.952
7647,71.2746,0.6,0.944
7648,70.9963,0.9,0.956
7649,71.0049,0.9,0.944
7650,70.8806,0.9,0.928
7651,71.1154,0.7,0.928
7652,71.1694,0.8,0.948
7653,70.9477,0.9,0.94
7654,70.988,0.9,0.92
7655,71.2105,0.8,0.94
7656,71.274,0.8,0.948
7657,71.3104,0.8,0.884
7658,71.2613,0.8,0.924
7659,71.1018,1.0,0.98
7660,70.8896,1.0,0.92
7661,71.1558,0.8,0.932
7662,71.1174,0.9,0.92
7663,70.9938,0.9,0.936
7664,71.1607,0.9,0.932
7665,71.094,0.8,0.936
7666,70.8692,0.9,0.928
7667,70.901,0.9,0.928
7668,70.9843,0.8,0.936
7669,71.2029,0.7,0.956
7670,70.8333,0.8,0.924
7671,71.011,0.8,0.908
7672,70.9006,0.8,0.912
7673,71.3541,0.6,0.932
7674,70.9291,0.9,0.9
7675,71.1735,0.9,0.908
7676,71.1157,0.8,0.972
7677,71.1372,1.0,0.972
7678,71.0876,0.8,0.948
7679,71.063,0.8,0.972
7680,70.8787,0.8,0.904
7681,70.8012,0.8,0.88
7682,71.125,0.7,0.896
7683,71.1737,0.8,0.972
7684,71.2135,0.8,0.916
7685,71.2498,0.7,0.952
7686,70.8818,0.8,0.912
7687,71.0779,0.8,0.9
7688,71.2002,0.8,0.944
7689,71.0367,0.8,0.928
7690,71.0431,0.9,0.968
7691,71.323,0.8,0.932
7692,71.2771,0.8,0.944
7693,71.2014,0.7,0.92
7694,70.9095,0.9,0.912
7695,71.2352,0.9,0.972
7696,71.1377,0.9,0.972
7697,71.1579,0.8,0.972
7698,71.376,0.8,0.92
7699,71.2189,0.9,0.928
7700,70.8486,0.8,0.94
7701,70.8202,0.9,0.916
7702,71.0637,0.8,0.94
7703,71.0603,0.8,0.972
7704,70.8761,0.9,0.96
7705,71.1162,0.9,0.972
7706,71.1128,0.8,0.888
7707,71.2997,0.8,0.956
7708,71.1673,0.9,0.94
7709,71.3321,0.8,0.928
7710,70.9992,0.8,0.956
7711,71.3075,0.8,0.916
7712,71.1887,0.9,0.96
7713,71.146,0.8,0.944
7714,71.1906,0.9,0.952
7715,70.8872,0.8,0.924
7716,70.9505,0.7,0.916
7717,70.8162,0.9,0.88
7718,71.0144,0.9,0.912
7719,71.0446,0.9,0.948
7720,71.0443,0.7,0.932
7721,71.055,0.9,0.96
7722,70.9914,0.8,0.936
7723,71.2151,0.8,0.956
7724,70.9591,0.9,0.928
7725,71.1364,0.9,0.948
7726,71.0446,0.8,0.956
7727,71.0658,0.9,0.948
7728,71.0467,0.7,0.924
7729,71.0493,0.9,0.94
7730,70.9689,0.8,0.928
7731,71.0645,0.8,0.92
7732,71.1222,0.9,0.944
7733,70.8079,0.8,0.924
7734,71.2472,0.9,0.964
7735,71.3783,0.7,0.956
7736,71.077,0.8,0.924
7737,71.3077,0.8,0.924
7738,71.0143,0.9,0.92
7739,70.9036,1.0,0.884
7740,71.0973,1.0,0.972
7741,71.2778,0.9,0.94
7742,71.3315,0.6,0.944
7743,71.2843,0.7,0.904
7744,71.157,0.9,0.948
7745,71.1679,0.8,0.936
7746,71.2672,0.7,0.948
7747,70.9449,0.9,0.876
7748,70.9189,0.7,0.92
7749,71.2306,0.7,0.976
7750,70.9823,0.8,0.936
7751,71.0548,0.9,0.944
7752,71.3927,0.8,0.908
7753,71.0747,1.0,0.956
7754,71.0238,0.9,0.94
7755,70.9062,0.9,0.928
7756,70.9529,0.8,0.94
7757,71.0491,0.9,0.944
7758,71.007,0.9,0.944
7759,71.2594,0.8,0.944
7760,70.9217,0.9,0.9
7761,71.2718,0.9,0.924
7762,70.9334,0.9,0.932
7763,71.1951,0.9,0.952
7764,71.0278,1.0,0.964
7765,70.9771,1.0,0.944
7766,71.2014,0.8,0.956
7767,71.0372,0.8,0.94
7768,71.286,0.8,0.928
7769,71.061,0.8,0.94
7770,71.2344,0.8,0.972
7771,71.0231,0.9,0.928
7772,71.1778,0.6,0.944
7773,71.2173,0.8,0.96
7774,71.0933,0.8,0.964
7775,71.2257,0.8,0.948
7776,71.1537,0.8,0.96
7777,71.0361,1.0,0.912
7778,71.1653,0.9,0.932
7779,71.0296,0.8,0.932
7780,71.189,0.7,0.94
7781,71.2043,0.7,0.964
7782,71.0773,0.9,0.948
7783,71.0346,1.0,0.944
7784,71.2023,0.9,0.928
7785,70.9649,0.9,0.968
7786,71.0625,0.9,0.932
7787,71.0601,0.8,0.952
7788,71.199,0.8,0.92
7789,71.0443,1.0,0.96
7790,71.2115,0.9,0.936
7791,71.248,0.9,0.952
7792,71.2475,0.9,0.94
7793,71.2119,0.9,0.968
7794,71.2882,0.8,0.94
7795,71.1955,0.7,0.964
7796,70.9045,0.8,0.892
7797,71.3311,0.7,0.924
7798,71.0733,0.8,0.944
7799,71.2959,0.8,0.956
7800,71.1105,0.9,0.94
7801,70.9692,0.9,0.92
7802,71.2431,0.8,0.936
7803,71.0129,0.8,0.928
7804,71.2375,0.7,0.948
7805,71.3112,0.8,0.92
7806,71.0732,0.9,0.94
7807,71.2593,0.8,0.936
7808,71.1142,0.7,0.94
7809,71.0798,0.9,0.96
7810,71.1896,0.9,0.944
7811,70.9702,0.9,0.932
7812,71.1539,0.8,0.94
7813,71.1093,0.9,0.964
7814,70.952,0.8,0.9
7815,71.2779,0.8,0.944
7816,71.1752,1.0,0.936
7817,71.0093,0.9,0.948
7818,71.0446,0.9,0.972
7819,71.0174,0.9,0.948
7820,71.1214,1.0,0.944
7821,71.2681,0.9,0.924
7822,71.2467,0.8,0.94
7823,70.9659,0.9,0.952
7824,71.1949,0.8,0.96
7825,70.8966,0.8,0.88
7826,71.1073,0.8,0.932
7827,71.1622,0.8,0.932
7828,71.3004,0.8,0.952
7829,70.9967,0.9,0.956
7830,71.0614,0.8,0.972
7831,71.0143,1.0,0.956
7832,71.2153,0.9,0.952
7833,71.1858,0.8,0.928
7834,71.1085,0.9,0.968
7835,71.1201,0.9,0.92
7836,71.139,0.9,0.944
7837,71.1148,0.8,0.952
7838,70.9718,0.9,0.896
7839,71.2393,0.8,0.952
7840,70.9772,0.8,0.892
7841,71.1125,1.0,0.956
7842,71.0738,0.8,0.968
7843,71.2196,0.8,0.948
7844,71.1882,0.8,0.948
7845,71.1165,0.7,0.904
7846,70.9914,0.9,0.956
7847,70.8158,0.7,0.888
7848,71.1415,0.9,0.972
7849,71.1473,1.0,0.952
7850,71.1154,0.8,0.968
7851,71.06,0.8,0.932
7852,71.0362,0.9,0.948
7853,71.1353,0.8,0.968
7854,71.2292,0.8,0.936
7855,71.1598,0.8,0.92
7856,71.0683,0.7,0.916
7857,71.1394,0.8,0.968
7858,71.2442,0.8,0.968
7859,71.2714,0.8,0.96
7860,70.9273,0.8,0.952
7861,71.0774,1.0,0.968
7862,71.1167,0.8,0.96
7863,70.9219,0.9,0.936
7864,71.1282,1.0,0.972
7865,70.8228,0.8,0.916
7866,71.3566,0.7,0.908
7867,71.3333,0.8,0.936
7868,71.0601,0.7,0.936
7869,70.8342,0.8,0.916
7870,71.2006,0.7,0.972
7871,70.8961,0.8,0.94
7872,70.8493,0.8,0.908
7873,70.861,0.7,0.928
7874,71.1464,0.9,0.96
7875,71.1239,0.7,0.904
7876,70.8757,0.8,0.936
7877,71.2225,0.7,0.936
7878,71.2146,0.8,0.94
7879,71.0963,0.9,0.964
7880,70.9081,0.8,0.944
7881,71.2352,0.9,0.924
7882,71.0747,0.9,0.936
7883,71.4138,0.7,0.92
7884,71.1123,0.8,0.952
7885,71.3996,0.8,0.928
7886,71.156,0.8,0.936
7887,71.0641,1.0,0.948
7888,70.8892,0.8,0.88
7889,70.9611,0.6,0.908
7890,71.4217,0.8,0.912
7891,71.1554,0.8,0.964
7892,71.0775,0.8,0.952
7893,71.1234,0.8,0.944
7894,71.1538,0.8,0.964
7895,71.2268,0.7,0.952
7896,71.0724,0.9,0.968
7897,71.1942,0.7,0.94
7898,71.0832,0.9,0.908
7899,71.0856,1.0,0.972
7900,70.9554,0.8,0.932
7901,71.1649,0.8,0.952
7902,71.1874,0.8,0.96
7903,71.1589,0.8,0.92
7904,71.1652,0.8,0.948
7905,71.0942,0.9,0.972
7906,71.1192,0.8,0.94
7907,71.2893,0.6,0.896
7908,70.9099,0.8,0.92
7909,70.8861,0.8,0.916
7910,71.0503,0.9,0.952
7911,71.4329,0.7,0.9
7912,71.0694,0.9,0.952
7913,71.0335,0.8,0.944
7914,71.1055,0.8,0.964
7915,70.9873,0.9,0.944
7916,71.2174,0.6,0.908
7917,71.2576,0.9,0.888
7918,71.2777,0.7,0.972
7919,71.1779,0.8,0.94
7920,70.7809,0.7,0.924
7921,71.1811,0.7,0.916
7922,70.983,0.9,0.952
7923,71.1809,0.9,0.956
7924,71.1928,0.8,0.956
7925,71.1619,0.9,0.972
7926,71.0869,1.0,0.94
7927,71.0611,1.0,0.98
7928,70.9687,0.8,0.92
7929,71.0013,0.9,0.904
7930,70.9214,0.8,0.892
7931,71.135,0.8,0.94
7932,70.9707,0.8,0.928
7933,71.1151,0.7,0.912
7934,71.2025,0.8,0.928
7935,71.0154,0.9,0.944
7936,71.2082,0.8,0.932
7937,70.899,0.9,0.944
7938,70.9979,0.8,0.956
7939,70.979,0.7,0.928
7940,70.9132,0.7,0.924
7941,71.0319,0.8,0.952
7942,71.1192,0.9,0.94
7943,70.9726,0.8,0.94
7944,70.9375,1.0,0.916
7945,71.1871,0.8,0.952
7946,70.7086,0.8,0.888
7947,70.9129,0.9,0.892
7948,71.1469,1.0,0.98
7949,71.1811,0.9,0.896
7950,71.1142,0.9,0.96
7951,70.7751,0.8,0.904
7952,71.4409,0.8,0.912
7953,71.1374,1.0,0.94
7954,71.2161,0.7,0.948
7955,71.0033,0.9,0.948
7956,71.014,0.9,0.96
7957,71.1992,0.7,0.9
7958,71.205,0.7,0.944
7959,71.3844,0.8,0.908
7960,70.9626,0.8,0.944
7961,71.183,0.8,0.912
7962,71.284,0.6,0.94
7963,71.0809,0.9,0.96
7964,71.0694,0.9,0.956
7965,71.0485,1.0,0.952
7966,71.0681,0.7,0.936
7967,70.9291,0.8,0.888
7968,71.0123,0.9,0.956
7969,71.2154,0.8,0.956
7970,71.3269,0.7,0.972
7971,71.2678,0.8,0.956
7972,71.0753,0.7,0.912
7973,71.0053,1.0,0.956
7974,70.9573,0.8,0.92
7975,71.037,0.8,0.952
7976,70.869,0.8,0.916
7977,71.1712,1.0,0.948
7978,71.1746,0.9,0.912
7979,71.0725,0.8,0.952
7980,70.9315,0.7,0.924
7981,71.3185,0.8,0.924
7982,71.3099,0.8,0.952
7983,71.2236,0.7,0.948
7984,71.347,0.8,0.896
7985,71.2839,0.8,0.948
7986,70.9504,0.8,0.94
7987,71.2142,0.8,0.9
7988,71.3441,0.9,0.888
7989,71.3302,0.7,0.908
7990,70.7447,0.8,0.92
7991,71.4075,0.7,0.924
7992,71.0682,0.8,0.952
7993,71.1413,0.9,0.948
7994,71.2868,0.9,0.924
7995,71.085,0.8,0.952
7996,71.0108,0.9,0.948
7997,71.0052,0.9,0.912
7998,71.084,0.8,0.952
7999,71.1434,0.8,0.928
8000,71.0242,0.8,0.94
8001,71.2803,0.9,0.924
8002,71.0374,1.0,0.92
8003,71.2929,0.6,0.956
8004,71.0753,0.9,0.948
8005,71.0473,0.9,0.976
8006,71.1845,0.8,0.972
8007,70.9408,0.9,0.904
8008,70.9466,1.0,0.94
8009,70.9931,0.9,0.928
8010,71.0572,0.9,0.928
8011,71.1965,0.9,0.952
8012,71.0878,0.9,0.944
8013,71.2481,0.8,0.972
8014,71.186,0.7,0.948
8015,71.1349,0.9,0.968
8016,71.1079,0.7,0.948
8017,71.2434,0.8,0.944
8018,70.9596,0.8,0.884
8019,71.312,0.7,0.944
8020,70.9899,0.9,0.928
8021,71.0399,0.9,0.964
8022,70.9713,0.9,0.9
8023,71.0609,1.0,0.96
8024,71.1634,0.8,0.932
8025,71.4688,0.8,0.908
8026,71.4166,0.8,0.904
8027,71.0408,0.8,0.948
8028,71.0433,0.8,0.924
8029,70.8447,0.9,0.94
8030,71.2714,0.8,0.944
8031,71.1266,0.9,0.952
8032,71.2598,0.8,0.972
8033,70.973,0.8,0.908
8034,71.0759,0.8,0.952
8035,71.1343,0.9,0.952
8036,70.9496,0.9,0.928
8037,71.2078,0.8,0.94
8038,71.0945,0.9,0.96
8039,71.0681,0.9,0.964
8040,71.0623,0.9,0.972
8041,71.1314,0.8,0.924
8042,71.0959,0.9,0.9
8043,70.9232,0.9,0.9
8044,71.0485,0.8,0.952
8045,71.1132,0.9,0.924
8046,71.1685,0.9,0.944
8047,71.0481,0.8,0.972
8048,71.2803,0.9,0.9
8049,71.0511,0.8,0.92
8050,71.2255,0.6,0.908
8051,71.4281,0.8,0.92
8052,71.0691,0.8,0.944
8053,71.1293,0.9,0.964
8054,70.9543,0.9,0.944
8055,70.9916,0.8,0.904
8056,71.2585,0.9,0.944
8057,71.3155,0.8,0.952
8058,71.1353,1.0,0.928
8059,70.9128,0.9,0.94
8060,71.2235,0.9,0.948
8061,70.9625,0.9,0.94
8062,71.0988,0.8,0.948
8063,71.3844,0.7,0.956
8064,71.0019,0.8,0.94
8065,71.2674,0.7,0.948
8066,71.073,0.8,0.96
8067,71.1486,0.8,0.972
8068,71.2968,0.8,0.96
8069,71.0553,0.7,0.92
8070,71.231,0.8,0.944
8071,71.1024,0.9,0.98
8072,71.0353,0.9,0.944
8073,71.0702,0.8,0.952
8074,70.9139,0.9,0.92
8075,71.3067,0.8,0.928
8076,70.9326,0.9,0.956
8077,70.9167,1.0,0.92
8078,71.2077,0.9,0.916
8079,71.3167,0.8,0.924
8080,71.0524,1.0,0.936
8081,71.337,0.8,0.944
8082,71.1744,0.8,0.928
8083,71.1466,0.8,0.916
8084,71.3228,0.8,0.948
8085,70.9075,0.8,0.932
8086,70.9748,0.7,0.932
8087,70.9588,1.0,0.94
8088,70.9983,0.8,0.928
8089,71.1142,1.0,0.972
8090,71.0192,0.9,0.948
8091,70.7951,0.7,0.92
8092,71.1625,0.9,0.94
8093,70.7412,0.8,0.916
8094,71.1053,0.9,0.968
8095,70.9087,0.9,0.928
8096,70.878,0.9,0.924
8097,71.0656,0.8,0.9
8098,70.9367,0.7,0.892
8099,71.0729,0.7,0.948
8100,71.065,0.8,0.94
8101,70.8289,0.8,0.892
8102,70.9308,0.9,0.896
8103,71.1295,0.9,0.952
8104,71.2065,0.7,0.952
8105,70.9107,0.9,0.964
8106,71.0799,0.9,0.948
8107,70.9744,0.8,0.956
8108,71.0875,0.9,0.952
8109,71.4543,0.8,0.908
8110,71.2664,0.7,0.944
8111,71.0415,1.0,0.964
8112,71.1435,0.8,0.904
8113,71.3632,0.7,0.92
8114,71.0822,0.9,0.956
8115,71.2961,0.8,0.956
8116,70.7925,0.7,0.916
8117,71.2948,0.7,0.948
8118,70.9463,0.8,0.952
8119,70.9959,0.9,0.948
8120,71.0234,0.9,0.976
8121,71.2944,0.8,0.924
8122,71.2354,0.9,0.968
8123,71.0205,0.9,0.936
8124,71.2908,0.7,0.964
8125,71.0831,0.7,0.936
8126,71.1347,0.8,0.944
8127,71.177,0.7,0.948
8128,71.2214,0.8,0.944
8129,71.0745,0.9,0.936
8130,71.0201,1.0,0.936
8131,71.0481,0.9,0.916
8132,71.0444,0.7,0.944
8133,70.7302,0.8,0.916
8134,70.8344,0.8,0.908
8135,71.0895,0.8,0.936
8136,71.4269,0.7,0.904
8137,70.8513,0.9,0.928
8138,71.151,0.8,0.972
8139,71.1076,0.8,0.948
8140,71.1664,0.9,0.936
8141,71.2163,0.9,0.944
8142,71.1184,0.8,0.932
8143,71.1018,0.8,0.948
8144,71.2544,0.8,0.952
8145,71.1615,0.8,0.948
8146,71.4359,0.7,0.928
8147,70.8378,0.9,0.884
8148,71.22,0.8,0.928
8149,70.9464,0.9,0.932
8150,70.9754,0.7,0.948
8151,70.8543,0.9,0.948
8152,71.0418,0.9,0.968
8153,71.0879,1.0,0.96
8154,71.4066,0.7,0.928
8155,71.3385,0.6,0.9
8156,71.0232,0.9,0.96
8157,70.9374,0.8,0.944
8158,70.8598,0.9,0.896
8159,71.0215,1.0,0.936
8160,70.8489,0.8,0.908
8161,71.1017,0.8,0.932
8162,71.0184,0.7,0.916
8163,71.1257,0.9,0.94
8164,71.2359,0.9,0.936
8165,71.2409,0.7,0.904
8166,71.2065,0.8,0.976
8167,70.8977,0.8,0.868
8168,71.2353,0.8,0.952
8169,71.1335,0.9,0.968
8170,71.1248,0.8,0.92
8171,71.1091,0.9,0.928
8172,70.9187,0.9,0.896
8173,70.9103,0.8,0.952
8174,70.9962,1.0,0.96
8175,70.9296,0.9,0.888
8176,71.0907,0.8,0.956
8177,70.9204,0.8,0.936
8178,71.2808,0.9,0.936
8179,70.8996,0.9,0.944
8180,70.9832,0.8,0.94
8181,71.0171,0.8,0.936
8182,71.0101,0.8,0.924
8183,71.3728,0.8,0.948
8184,71.239,0.8,0.928
8185,71.3169,0.8,0.956
8186,71.3013,0.7,0.956
8187,70.9112,0.8,0.928
8188,70.962,0.7,0.88
8189,70.8475,0.7,0.904
8190,71.1702,0.8,0.964
8191,70.8009,0.8,0.94
8192,71.2911,0.7,0.928
8193,71.0868,0.8,0.968
8194,70.8042,0.7,0.904
8195,71.2462,0.7,0.924
8196,71.0227,0.8,0.936
8197,71.0061,0.8,0.944
8198,70.949,0.9,0.936
8199,71.2013,0.8,0.916
8200,71.0931,1.0,0.944
8201,71.1434,0.9,0.956
8202,71.0419,0.9,0.932
8203,71.0658,1.0,0.956
8204,71.006,0.9,0.924
8205,71.223,0.8,0.956
8206,71.3968,0.8,0.936
8207,71.194,0.8,0.968
8208,70.964,0.6,0.908
8209,70.8714,0.7,0.928
8210,71.0574,0.8,0.948
8211,71.3995,0.6,0.924
8212,71.0654,0.9,0.952
8213,71.1491,0.7,0.94
8214,71.1995,0.8,0.948
8215,70.9979,0.8,0.92
8216,71.2402,0.8,0.952
8217,71.2091,0.9,0.944
8218,70.7421,0.8,0.904
8219,71.2026,0.8,0.956
8220,71.1186,0.7,0.924
8221,71.1176,0.7,0.964
8222,71.0383,0.9,0.932
8223,71.1142,0.8,0.956
8224,71.0481,0.8,0.94
8225,70.9283,0.9,0.96
8226,71.0261,0.9,0.952
8227,71.0493,0.9,0.924
8228,71.1856,0.9,0.956
8229,71.2606,0.9,0.968
8230,71.2995,0.7,0.96
8231,71.1147,0.8,0.956
8232,71.0753,0.9,0.936
8233,71.0021,0.7,0.916
8234,71.026,0.8,0.896
8235,71.1118,0.8,0.96
8236,70.8466,0.9,0.912
8237,71.5094,0.6,0.88
8238,70.9987,0.8,0.952
8239,70.8678,0.7,0.912
8240,70.9505,1.0,0.912
8241,71.2302,0.8,0.92
8242,70.9481,0.9,0.94
8243,71.177,0.8,0.928
8244,71.0588,0.8,0.944
8245,71.2659,0.8,0.956
8246,71.4595,0.8,0.904
8247,70.984,0.9,0.956
8248,71.1432,0.7,0.936
8249,71.1761,0.7,0.948
8250,71.0889,0.8,0.94
8251,70.9987,0.9,0.972
8252,71.1418,0.9,0.968
8253,71.3813,0.8,0.928
8254,70.8609,0.9,0.932
8255,71.0241,0.9,0.932
8256,71.1614,0.8,0.932
8257,70.8429,0.8,0.932
8258,70.9914,0.8,0.932
8259,71.0618,0.9,0.932
8260,71.2856,0.9,0.928
8261,71.1664,0.8,0.96
8262,71.2429,0.8,0.968
8263,70.808,0.8,0.928
8264,71.2291,0.9,0.968
8265,71.4096,0.8,0.9
8266,71.0545,0.9,0.944
8267,70.9782,0.8,0.924
8268,71.1267,1.0,0.988
8269,71.4023,0.7,0.912
8270,70.9766,0.8,0.92
8271,70.9658,0.9,0.928
8272,71.1488,0.8,0.888
8273,70.9378,0.8,0.916
8274,71.0108,0.9,0.892
8275,71.1006,0.9,0.948
8276,71.2192,0.9,0.952
8277,71.229,0.7,0.964
8278,71.2131,0.8,0.896
8279,71.3519,0.8,0.916
8280,71.1444,0.8,0.932
8281,71.1093,1.0,0.948
8282,70.9359,0.8,0.952
8283,71.261,0.7,0.968
8284,71.0942,0.9,0.964
8285,71.0002,0.8,0.904
8286,71.2293,0.8,0.912
8287,70.9332,0.8,0.928
8288,71.1812,1.0,0.968
8289,71.0282,0.8,0.924
8290,71.1422,0.8,0.94
8291,71.0531,0.7,0.928
8292,71.0938,0.7,0.916
8293,71.0849,0.9,0.896
8294,70.7957,0.8,0.916
8295,71.2562,0.8,0.944
8296,70.7923,0.6,0.904
8297,71.4155,0.8,0.916
8298,71.0703,0.6,0.912
8299,70.8948,0.7,0.92
8300,71.3693,0.7,0.928
8301,71.1179,1.0,0.952
8302,71.4464,0.8,0.896
8303,70.9033,0.8,0.952
8304,71.2295,0.8,0.98
8305,71.099,0.7,0.944
8306,70.8902,1.0,0.916
8307,70.8836,0.8,0.856
8308,71.0505,0.9,0.916
8309,71.0942,0.8,0.944
8310,71.1157,0.8,0.928
8311,71.1347,0.8,0.952
8312,71.195,1.0,0.94
8313,71.1566,0.8,0.928
8314,71.0707,0.8,0.96
8315,71.229,0.8,0.976
8316,71.0446,0.8,0.94
8317,71.1596,0.8,0.976
8318,71.0436,0.8,0.94
8319,71.3998,0.6,0.904
8320,71.28,0.9,0.956
8321,70.9867,0.8,0.944
8322,71.1589,0.8,0.952
8323,71.0694,0.7,0.952
8324,71.2116,0.8,0.928
8325,71.2929,0.8,0.936
8326,71.0677,0.8,0.96
8327,70.85,0.8,0.916
8328,71.2019,0.8,0.968
8329,71.0783,0.8,0.984
8330,71.0707,0.9,0.948
8331,71.108,0.8,0.936
8332,71.076,0.8,0.952
8333,71.0805,0.8,0.924
8334,71.1356,0.8,0.916
8335,70.9859,0.9,0.932
8336,71.2873,0.9,0.892
8337,71.0419,0.9,0.952
8338,71.0325,0.9,0.944
8339,71.1212,0.8,0.96
8340,71.0347,0.8,0.94
8341,71.1581,0.9,0.952
8342,71.1997,0.8,0.924
8343,71.1202,0.7,0.964
8344,70.9279,0.9,0.912
8345,71.0845,0.8,0.956
8346,71.1248,0.9,0.9
8347,71.2818,0.8,0.936
8348,71.2184,0.8,0.944
8349,71.2895,0.9,0.968
8350,71.0869,1.0,0.928
8351,71.0465,0.9,0.916
8352,71.0802,0.7,0.92
8353,70.9932,0.9,0.952
8354,70.774,0.7,0.9
8355,71.1482,0.8,0.88
8356,70.9098,0.9,0.94
8357,71.0918,0.9,0.924
8358,71.1373,1.0,0.972
8359,71.1573,0.8,0.944
8360,71.25,0.8,0.952
8361,71.0126,1.0,0.96
8362,71.0961,0.8,0.92
8363,71.3261,0.8,0.94
8364,71.1059,0.8,0.936
8365,70.9746,0.7,0.928
8366,71.0256,1.0,0.932
8367,71.0315,0.8,0.94
8368,71.1927,0.8,0.948
8369,71.2605,0.8,0.948
8370,70.8681,0.8,0.936
8371,71.2758,0.9,0.952
8372,71.1487,0.9,0.964
8373,71.0184,0.8,0.948
8374,70.9737,0.8,0.956
8375,71.206,0.8,0.976
8376,71.1581,0.8,0.912
8377,71.0823,0.9,0.924
8378,70.8938,0.8,0.924
8379,71.1726,0.9,0.928
8380,71.2613,0.7,0.956
8381,71.434,0.8,0.912
8382,71.0329,0.8,0.888
8383,71.189,0.7,0.932
8384,70.933,0.9,0.916
8385,71.2609,0.8,0.932
8386,71.1771,0.8,0.912
8387,71.2036,0.8,0.936
8388,71.084,0.8,0.952
8389,70.9387,0.8,0.948
8390,71.0464,1.0,0.96
8391,71.1451,0.9,0.952
8392,71.2004,0.7,0.888
8393,70.9591,0.8,0.936
8394,71.0677,0.8,0.932
8395,71.0729,0.7,0.956
8396,70.9994,0.8,0.928
8397,70.9137,0.9,0.96
8398,71.0776,1.0,0.96
8399,71.1346,0.8,0.952
8400,71.1204,0.9,0.968
8401,71.0756,0.8,0.96
8402,71.2437,0.8,0.892
8403,71.2067,0.9,0.952
8404,71.1673,0.8,0.984
8405,71.1478,0.8,0.88
8406,71.0289,0.8,0.912
8407,70.8864,0.8,0.908
8408,71.1389,0.9,0.972
8409,71.1021,0.8,0.944
8410,71.0915,1.0,0.956
8411,70.9036,0.9,0.924
8412,71.0431,0.8,0.956
8413,71.29,0.8,0.92
8414,71.0531,0.8,0.96
8415,71.1496,0.8,0.908
8416,70.9241,0.8,0.952
8417,71.1718,0.9,0.944
8418,71.1553,0.8,0.972
8419,71.0793,0.9,0.932
8420,70.9527,0.9,0.912
8421,70.9186,0.9,0.956
8422,71.1074,0.8,0.972
8423,71.0784,0.8,0.976
8424,70.9652,0.9,0.916
8425,70.9983,0.8,0.916
8426,71.0455,0.8,0.944
8427,71.2102,0.8,0.888
8428,71.1054,0.9,0.944
8429,70.9187,0.9,0.916
8430,71.0907,0.9,0.968
8431,71.0676,1.0,0.968
8432,71.2377,0.9,0.94
8433,71.1465,0.9,0.952
8434,70.997,0.9,0.916
8435,70.9054,0.9,0.916
8436,70.833,0.9,0.948
8437,71.1739,1.0,0.952
8438,71.1565,0.8,0.932
8439,70.8451,0.9,0.912
8440,71.2106,0.9,0.936
8441,70.92,0.9,0.92
8442,71.2271,0.8,0.968
8443,71.1353,0.7,0.952
8444,71.2771,0.8,0.952
8445,71.1807,0.9,0.944
8446,71.1226,0.7,0.916
8447,71.1722,0.8,0.912
8448,71.0065,0.8,0.944
8449,71.1605,0.7,0.968
8450,70.746,0.8,0.916
8451,71.2661,0.7,0.952
8452,71.1074,0.8,0.964
8453,71.2264,0.7,0.904
8454,71.1169,0.9,0.972
8455,71.3614,0.8,0.944
8456,71.4691,0.7,0.924
8457,71.1515,0.9,0.948
8458,71.0973,0.9,0.952
8459,71.042,0.9,0.952
8460,71.1655,1.0,0.952
8461,70.9128,0.8,0.928
8462,71.0344,0.9,0.944
8463,71.0251,0.9,0.928
8464,71.1768,0.9,0.952
8465,71.2729,0.8,0.888
8466,70.8839,0.8,0.92
8467,70.8961,0.7,0.944
8468,71.1834,0.8,0.956
8469,71.0718,0.9,0.932
8470,71.2564,0.9,0.928
8471,71.2223,0.8,0.936
8472,71.0595,0.9,0.936
8473,71.2021,0.8,0.972
8474,71.0368,0.8,0.948
8475,71.1536,0.8,0.948
8476,71.0395,0.9,0.96
8477,71.1425,0.7,0.94
8478,71.0518,0.9,0.956
8479,71.281,0.6,0.928
8480,71.4579,0.8,0.916
8481,71.0879,0.9,0.94
8482,71.389,0.7,0.932
8483,71.1947,0.7,0.924
8484,71.1039,0.8,0.948
8485,71.2018,0.8,0.932
8486,71.3529,0.8,0.952
8487,70.9625,0.8,0.948
8488,71.2104,0.8,0.924
8489,70.893,0.9,0.936
8490,71.1602,0.9,0.964
8491,71.1837,0.9,0.948
8492,71.0629,0.7,0.928
8493,71.2108,0.9,0.964
8494,71.2334,0.9,0.94
8495,71.1826,1.0,0.96
8496,71.3612,0.6,0.92
8497,70.9531,0.8,0.92
8498,71.0811,0.9,0.948
8499,71.0512,0.8,0.892
8500,70.9653,0.7,0.916
8501,71.401,0.8,0.9
8502,70.9852,0.9,0.94
8503,71.2783,0.7,0.936
8504,71.2287,0.8,0.932
8505,71.1902,0.8,0.948
8506,71.4916,0.7,0.908
8507,70.8929,0.9,0.928
8508,70.8999,0.9,0.956
8509,70.8887,0.8,0.94
8510,71.3048,0.7,0.952
8511,71.2543,0.9,0.944
8512,71.1786,0.8,0.908
8513,70.9962,0.8,0.944
8514,71.0343,0.8,0.944
8515,71.3814,0.8,0.944
8516,71.1779,0.9,0.932
8517,71.231,0.9,0.928
8518,71.3854,0.8,0.904
8519,70.9933,1.0,0.948
8520,71.2416,0.8,0.9
8521,71.4025,0.8,0.92
8522,71.1955,0.7,0.948
8523,71.179,1.0,0.984
8524,71.323,0.8,0.924
8525,71.1473,1.0,0.98
8526,71.1029,0.8,0.932
8527,70.9628,0.8,0.94
8528,71.1085,0.8,0.968
8529,71.2814,0.8,0.9
8530,71.1561,0.8,0.936
8531,71.1366,0.9,0.948
8532,70.9733,1.0,0.944
8533,71.1732,0.8,0.928
8534,71.0619,0.8,0.948
8535,71.3287,0.8,0.94
8536,71.0722,0.9,0.94
8537,71.103,0.9,0.904
8538,70.9587,0.9,0.952
8539,70.8752,0.9,0.912
8540,70.9827,0.8,0.916
8541,71.1989,0.8,0.98
8542,71.3852,0.8,0.928
8543,71.1443,0.8,0.948
8544,70.8468,0.8,0.884
8545,71.2158,0.8,0.948
8546,71.2782,0.8,0.956
8547,71.0649,0.9,0.94
8548,71.3078,0.8,0.928
8549,71.3908,0.6,0.884
8550,70.9758,0.8,0.928
8551,70.8474,0.8,0.916
8552,71.08,0.9,0.972
8553,71.2553,0.7,0.92
8554,70.8654,0.8,0.952
8555,71.3696,0.8,0.948
8556,71.2491,0.8,0.936
8557,71.1003,0.9,0.956
8558,71.1698,0.8,0.916
8559,71.1906,0.9,0.932
8560,70.918,0.9,0.916
8561,71.3491,0.8,0.956
8562,70.8616,0.8,0.928
8563,71.07,0.8,0.928
8564,71.2603,0.8,0.956
8565,71.0384,0.9,0.94
8566,71.2223,0.8,0.92
8567,71.06,0.8,0.964
8568,71.1916,0.7,0.892
8569,71.0747,0.8,0.948
8570,70.8583,0.8,0.956
8571,70.9725,0.9,0.956
8572,70.9924,0.9,0.952
8573,71.1172,0.9,0.948
8574,71.2132,0.8,0.932
8575,71.1695,0.9,0.936
8576,71.2548,0.5,0.936
8577,71.1519,0.7,0.94
8578,71.2482,0.7,0.932
8579,71.2624,0.7,0.948
8580,71.0373,1.0,0.96
8581,71.2206,0.9,0.92
8582,71.2191,0.8,0.952
8583,70.7557,0.7,0.892
8584,71.4486,0.8,0.904
8585,70.9836,0.8,0.94
8586,71.2352,0.8,0.972
8587,70.9215,0.8,0.916
8588,71.0026,0.9,0.968
8589,70.9634,0.7,0.928
8590,71.2239,0.7,0.956
8591,71.2678,0.7,0.94
8592,71.2083,0.9,0.916
8593,70.903,0.9,0.944
8594,71.0963,0.8,0.924
8595,71.1638,0.7,0.964
8596,71.3033,0.8,0.968
8597,71.3211,0.7,0.948
8598,70.9972,0.7,0.896
8599,71.113,0.9,0.948
8600,71.0133,1.0,0.968
8601,71.2571,1.0,0.948
8602,71.2369,0.9,0.956
8603,70.7325,0.8,0.896
8604,71.1892,0.8,0.932
8605,70.8842,0.9,0.924
8606,71.0549,0.9,0.956
8607,70.9619,1.0,0.94
8608,70.9063,0.8,0.924
8609,71.1498,0.9,0.972
8610,71.2371,0.9,0.932
8611,71.2858,0.8,0.964
8612,71.2651,0.8,0.972
8613,71.0159,0.9,0.964
8614,71.3993,0.7,0.9
8615,70.8679,0.8,0.932
8616,71.0668,0.8,0.924
8617,71.11,0.9,0.952
8618,71.2827,0.8,0.936
8619,71.1248,0.9,0.964
8620,71.4494,0.7,0.876
8621,70.9663,0.8,0.9
8622,70.9943,1.0,0.96
8623,71.0736,0.8,0.94
8624,71.0068,1.0,0.952
8625,71.3135,0.8,0.948
8626,71.0177,0.8,0.936
8627,71.0514,0.8,0.916
8628,70.7966,0.7,0.9
8629,71.137,0.8,0.944
8630,71.0288,0.8,0.936
8631,70.9539,0.8,0.924
8632,70.9759,0.8,0.904
8633,70.9267,0.9,0.94
8634,71.0606,0.9,0.944
8635,71.4708,0.6,0.892
8636,71.3996,0.8,0.932
8637,71.035,0.9,0.952
8638,71.0826,0.9,0.928
8639,71.4421,0.8,0.888
8640,71.1175,0.7,0.944
8641,71.2171,0.6,0.924
8642,71.3033,0.8,0.964
8643,71.2001,0.8,0.908
8644,71.3563,0.7,0.916
8645,71.2245,0.7,0.94
8646,71.0958,0.8,0.916
8647,70.9848,1.0,0.932
8648,71.0572,0.8,0.972
8649,71.0023,0.8,0.928
8650,71.2107,0.7,0.964
8651,71.319,0.8,0.94
8652,71.1031,0.8,0.944
8653,71.1415,0.9,0.96
8654,71.1253,0.8,0.92
8655,71.2403,0.6,0.924
8656,71.2126,0.9,0.956
8657,70.9423,0.9,0.944
8658,70.9654,1.0,0.912
8659,70.9426,0.7,0.92
8660,71.1467,0.8,0.96
8661,71.2195,0.7,0.96
8662,71.2396,0.7,0.9
8663,71.0906,0.8,0.944
8664,71.0586,0.8,0.948
8665,71.017,0.8,0.952
8666,70.8477,0.9,0.924
8667,71.1934,0.8,0.936
8668,70.9048,0.9,0.912
8669,71.0121,0.9,0.92
8670,71.1767,0.8,0.964
8671,71.1256,0.9,0.964
8672,71.1645,0.9,0.98
8673,71.0283,0.8,0.928
8674,71.102,0.9,0.964
8675,71.0326,0.8,0.928
8676,71.0958,0.8,0.956
8677,71.1316,0.8,0.948
8678,71.0507,0.8,0.936
8679,70.9954,0.8,0.952
8680,71.0936,0.8,0.924
8681,71.0242,0.8,0.912
8682,71.1015,0.8,0.94
8683,71.288,0.8,0.952
8684,71.1815,0.9,0.936
8685,70.8817,0.8,0.9
8686,70.9216,1.0,0.928
8687,70.8824,0.9,0.908
8688,70.9556,0.9,0.94
8689,71.0585,0.8,0.956
8690,71.0683,0.9,0.94
8691,71.2518,0.8,0.952
8692,71.3065,0.8,0.92
8693,70.956,0.9,0.928
8694,71.1536,0.7,0.968
8695,71.0168,0.8,0.948
8696,71.0301,0.9,0.948
8697,71.2223,0.8,0.908
8698,70.902,0.8,0.94
8699,70.8608,0.7,0.9
8700,71.1107,0.8,0.96
8701,71.064,0.8,0.952
8702,70.9801,1.0,0.948
8703,70.9075,0.9,0.944
8704,71.0147,0.8,0.92
8705,71.0308,0.9,0.968
8706,70.9868,1.0,0.948
8707,71.1608,0.8,0.968
8708,71.1161,1.0,0.964
8709,71.2596,0.8,0.928
8710,70.9988,0.7,0.92
8711,71.1087,0.9,0.956
8712,70.9736,1.0,0.936
8713,71.086,0.9,0.96
8714,70.9662,1.0,0.944
8715,71.1101,0.8,0.952
8716,71.3104,0.6,0.936
8717,71.2869,0.8,0.908
8718,71.0384,0.9,0.896
8719,70.9556,0.8,0.94
8720,71.0341,0.9,0.972
8721,71.0998,0.8,0.98
8722,71.2963,0.7,0.928
8723,70.788,0.8,0.912
8724,71.1028,0.8,0.964
8725,71.1895,0.9,0.96
8726,71.0109,0.9,0.936
8727,71.0252,0.7,0.932
8728,70.8793,0.8,0.952
8729,70.8922,1.0,0.904
8730,71.4021,0.8,0.904
8731,71.028,0.8,0.936
8732,71.3448,0.9,0.936
8733,70.7822,0.8,0.916
8734,71.1066,0.8,0.916
8735,70.9499,0.9,0.964
8736,71.2826,0.6,0.928
8737,71.1132,1.0,0.948
8738,70.9299,0.9,0.956
8739,70.9934,0.9,0.948
8740,71.2215,0.9,0.944
8741,71.0489,0.8,0.888
8742,71.095,0.8,0.964
8743,71.0512,0.9,0.932
8744,71.0098,0.7,0.932
8745,71.3424,0.8,0.932
8746,71.0874,0.9,0.948
8747,71.0134,0.9,0.936
8748,70.9139,0.9,0.928
8749,71.1968,0.7,0.896
8750,71.2034,0.8,0.96
8751,70.8982,0.8,0.936
8752,71.2408,0.9,0.932
8753,71.1126,0.9,0.964
8754,71.3344,0.8,0.944
8755,71.0355,0.8,0.94
8756,71.1629,0.8,0.948
8757,71.1674,0.8,0.976
8758,71.0298,1.0,0.964
8759,71.2119,0.7,0.968
8760,70.9225,0.8,0.888
8761,71.3845,0.7,0.94
8762,71.109,0.9,0.948
8763,71.1345,0.8,0.952
8764,71.1633,0.8,0.968
8765,71.2067,0.9,0.952
8766,71.1218,0.9,0.952
8767,71.1759,0.8,0.924
8768,71.1717,0.8,0.896
8769,71.2012,0.7,0.956
8770,71.2905,0.8,0.944
8771,71.1596,0.8,0.948
8772,71.0774,1.0,0.98
8773,71.0851,1.0,0.968
8774,71.049,0.8,0.928
8775,70.9239,0.9,0.904
8776,71.0414,1.0,0.944
8777,71.0551,0.9,0.944
8778,71.3695,0.8,0.924
8779,71.0445,0.8,0.948
8780,71.0431,0.8,0.9
8781,70.9173,0.9,0.9
8782,71.1202,0.9,0.936
8783,71.2253,0.7,0.964
8784,71.0276,0.8,0.92
8785,70.9198,0.8,0.928
8786,71.1264,0.8,0.94
8787,71.289,0.8,0.96
8788,71.394,0.7,0.892
8789,71.049,0.9,0.92
8790,71.0473,1.0,0.956
8791,71.2715,0.9,0.928
8792,71.1158,0.9,0.972
8793,71.2852,0.8,0.952
8794,71.091,0.8,0.956
8795,71.1677,0.8,0.984
8796,70.9324,0.8,0.916
8797,71.099,1.0,0.976
8798,70.8686,0.9,0.928
8799,70.9105,0.8,0.928
8800,71.0828,0.9,0.928
8801,70.9437,0.8,0.908
8802,71.288,0.8,0.912
8803,71.1884,0.7,0.932
8804,71.0322,0.9,0.94
8805,71.0246,0.8,0.948
8806,71.025,0.8,0.936
8807,71.2279,0.9,0.96
8808,71.0062,0.8,0.944
8809,70.9212,0.8,0.944
8810,71.0775,0.8,0.976
8811,71.0506,0.8,0.952
8812,71.1174,1.0,0.956
8813,71.0828,0.9,0.948
8814,71.1572,0.7,0.936
8815,71.2403,0.6,0.936
8816,70.9288,0.9,0.928
8817,71.0509,0.7,0.936
8818,71.2761,0.8,0.972
8819,71.2071,0.8,0.96
8820,71.0355,0.9,0.96
8821,71.1284,0.9,0.956
8822,71.0955,0.9,0.952
8823,71.2207,0.8,0.952
8824,71.13,0.6,0.92
8825,71.1004,1.0,0.956
8826,71.1023,0.8,0.928
8827,71.1495,0.8,0.88
8828,71.2819,0.7,0.936
8829,71.352,0.9,0.94
8830,71.133,1.0,0.952
8831,70.9839,0.9,0.936
8832,71.2834,0.7,0.944
8833,70.9746,0.8,0.92
8834,71.0229,0.9,0.932
8835,71.2652,0.9,0.94
8836,71.1349,0.7,0.928
8837,71.0111,0.8,0.928
8838,71.0538,0.9,0.956
8839,71.2735,0.6,0.912
8840,71.0204,1.0,0.956
8841,70.857,0.8,0.916
8842,71.053,0.7,0.912
8843,71.1891,0.7,0.948
8844,70.8041,0.8,0.9
8845,71.2397,0.8,0.94
8846,71.0511,0.8,0.908
8847,71.2728,0.7,0.96
8848,71.3919,0.7,0.884
8849,71.2661,0.8,0.968
8850,70.8285,0.7,0.912
8851,70.9125,0.9,0.96
8852,70.957,0.9,0.928
8853,70.9903,0.9,0.952
8854,70.9762,0.9,0.964
8855,71.1072,0.9,0.96
8856,71.1787,0.9,0.912
8857,71.3377,0.8,0.94
8858,71.1566,0.8,0.944
8859,71.0327,0.9,0.964
8860,71.0573,0.9,0.956
8861,71.0938,0.9,0.952
8862,71.0195,0.9,0.944
8863,71.3199,0.8,0.956
8864,70.856,0.7,0.916
8865,71.1491,1.0,0.924
8866,71.2784,0.6,0.884
8867,70.9447,0.8,0.936
8868,71.1506,0.8,0.908
8869,71.3064,0.8,0.952
8870,71.2162,0.7,0.936
8871,71.0206,0.7,0.908
8872,71.1761,0.7,0.948
8873,70.8697,0.8,0.888
8874,71.2233,0.8,0.944
8875,71.2229,0.8,0.928
8876,70.8409,1.0,0.904
8877,71.3571,0.7,0.936
8878,71.1437,0.9,0.952
8879,71.1332,0.8,0.968
8880,70.9789,0.9,0.948
8881,71.0593,0.9,0.956
8882,70.7809,0.8,0.916
8883,71.2892,0.7,0.952
8884,71.1532,0.8,0.912
8885,71.0486,0.8,0.904
8886,71.0493,0.8,0.932
8887,71.0649,0.7,0.932
8888,71.1729,1.0,0.956
8889,71.0115,0.9,0.892
8890,71.0948,0.8,0.944
8891,71.2559,0.9,0.912
8892,71.03,0.8,0.944
8893,71.3083,0.8,0.94
8894,71.2062,0.9,0.96
8895,71.157,0.8,0.976
8896,70.8273,0.9,0.94
8897,71.1559,0.9,0.956
8898,70.8925,0.8,0.948
8899,71.2945,0.8,0.916
8900,71.1323,0.8,0.936
8901,70.8808,0.9,0.904
8902,71.2034,0.9,0.912
8903,71.1299,0.8,0.96
8904,71.1379,0.9,0.964
8905,70.9609,0.8,0.92
8906,71.0843,0.9,0.952
8907,70.9872,0.9,0.944
8908,70.8925,0.8,0.92
8909,71.104,1.0,0.96
8910,71.1137,0.9,0.96
8911,70.9013,0.7,0.904
8912,70.978,1.0,0.936
8913,71.1347,0.9,0.928
8914,71.024,0.9,0.956
8915,71.1083,0.9,0.92
8916,71.0638,0.8,0.96
8917,71.3481,0.8,0.94
8918,70.902,0.9,0.932
8919,71.2133,0.6,0.928
8920,71.345,0.8,0.904
8921,71.1162,0.9,0.96
8922,71.0873,0.9,0.976
8923,71.3054,0.7,0.912
8924,70.896,0.8,0.924
8925,71.0971,0.8,0.952
8926,71.0057,0.8,0.944
8927,71.077,0.8,0.94
8928,70.87,0.9,0.912
8929,71.2638,0.7,0.964
8930,70.955,0.7,0.928
8931,71.4684,0.8,0.908
8932,70.945,1.0,0.928
8933,71.0956,0.8,0.896
8934,71.2382,0.7,0.936
8935,70.8779,0.9,0.948
8936,70.9855,0.9,0.932
8937,71.1085,1.0,0.948
8938,70.974,0.8,0.928
8939,70.9171,1.0,0.912
8940,71.0186,0.8,0.948
8941,70.862,0.9,0.868
8942,71.2776,0.8,0.932
8943,70.8399,0.8,0.912
8944,70.882,0.9,0.916
8945,71.1051,0.9,0.952
8946,71.2456,0.7,0.932
8947,70.7372,0.8,0.884
8948,71.0985,1.0,0.972
8949,71.1542,0.8,0.972
8950,71.3078,0.8,0.948
8951,71.3071,0.8,0.952
8952,70.9614,0.8,0.908
8953,70.9545,0.9,0.912
8954,71.0628,0.7,0.908
8955,71.2464,0.8,0.976
8956,71.2482,0.8,0.94
8957,71.1022,0.8,0.952
8958,71.0919,0.9,0.952
8959,71.1721,0.9,0.944
8960,70.9097,1.0,0.916
8961,71.2124,0.8,0.96
8962,70.9246,0.8,0.924
8963,71.0897,0.8,0.952
8964,71.0786,0.6,0.908
8965,71.0308,0.8,0.952
8966,71.3349,0.7,0.932
8967,71.1515,0.8,0.964
8968,71.0507,1.0,0.944
8969,71.2127,0.9,0.94
8970,71.3001,0.8,0.94
8971,71.1054,0.9,0.94
8972,71.3454,0.7,0.928
8973,71.0276,0.7,0.908
8974,71.1617,0.8,0.964
8975,70.8307,0.7,0.896
8976,71.2481,0.8,0.916
8977,71.2619,0.6,0.944
8978,71.4459,0.8,0.916
8979,70.8284,0.9,0.932
8980,71.1309,0.8,0.936
8981,71.2984,0.8,0.904
8982,71.0707,0.9,0.968
8983,71.2256,0.9,0.956
8984,71.1904,0.6,0.944
8985,70.9696,0.9,0.916
8986,70.8997,0.8,0.936
8987,71.2819,0.7,0.96
8988,71.0837,0.8,0.956
8989,71.2977,0.9,0.92
8990,71.195,0.9,0.936
8991,71.2125,0.8,0.932
8992,70.985,0.8,0.9
8993,71.1655,0.9,0.948
8994,71.2922,0.7,0.968
8995,71.2861,0.7,0.944
8996,71.0113,0.9,0.952
8997,71.2224,0.8,0.928
8998,71.1538,0.8,0.944
8999,71.0008,0.9,0.956
9000,71.2214,0.7,0.968
9001,70.9404,0.9,0.928
9002,71.191,0.8,0.968
9003,71.1173,1.0,0.936
9004,71.3989,0.8,0.94
9005,71.2102,0.8,0.948
9006,71.2738,0.7,0.9
9007,71.2334,0.7,0.904
9008,71.3415,0.8,0.952
9009,71.0685,0.9,0.96
9010,71.074,0.8,0.896
9011,71.0052,0.8,0.9
9012,70.9261,0.9,0.952
9013,71.1299,0.8,0.968
9014,71.2,0.9,0.94
9015,71.2462,0.8,0.944
9016,70.857,0.7,0.9
9017,70.985,0.8,0.896
9018,71.1879,0.9,0.94
9019,71.163,0.9,0.948
9020,71.35,0.8,0.928
9021,71.0575,0.9,0.968
9022,70.8101,0.8,0.928
9023,70.9074,0.9,0.964
9024,71.0847,0.8,0.92
9025,71.4471,0.6,0.928
9026,71.0448,0.8,0.916
9027,71.332,0.7,0.944
9028,71.0427,0.8,0.968
9029,71.3197,0.9,0.924
9030,70.9016,0.9,0.936
9031,71.264,0.7,0.952
9032,71.0861,0.9,0.936
9033,71.2376,0.8,0.944
9034,71.1466,0.8,0.968
9035,71.3935,0.7,0.932
9036,71.0385,0.9,0.964
9037,71.1052,0.8,0.924
9038,70.9672,0.8,0.932
9039,71.1653,0.9,0.976
9040,70.9671,0.8,0.88
9041,70.7978,0.8,0.908
9042,70.9897,0.8,0.932
9043,71.1162,0.9,0.952
9044,71.0522,0.8,0.932
9045,70.8471,1.0,0.9
9046,71.0274,0.7,0.912
9047,70.9957,0.8,0.924
9048,71.1566,0.9,0.94
9049,71.1663,0.8,0.956
9050,71.3147,0.8,0.924
9051,71.2878,0.8,0.964
9052,71.012,0.8,0.916
9053,70.8359,0.8,0.94
9054,71.137,0.9,0.956
9055,70.9093,0.8,0.948
9056,71.0105,0.8,0.944
9057,71.0186,0.9,0.944
9058,71.3982,0.8,0.928
9059,71.0323,0.8,0.94
9060,71.0056,0.9,0.948
9061,71.1406,0.9,0.948
9062,71.1213,0.6,0.924
9063,71.0966,0.8,0.964
9064,70.9425,0.9,0.932
9065,71.4274,0.8,0.932
9066,71.0738,0.8,0.924
9067,70.9043,0.9,0.948
9068,71.1708,0.9,0.944
9069,71.0192,0.8,0.908
9070,71.1431,0.9,0.908
9071,71.1357,0.9,0.92
9072,71.0902,0.8,0.944
9073,71.2387,0.8,0.972
9074,70.9247,0.9,0.96
9075,71.2054,0.8,0.964
9076,71.3044,0.8,0.96
9077,71.2267,0.7,0.904
9078,71.0775,0.8,0.96
9079,70.8679,0.9,0.916
9080,71.0151,0.9,0.928
9081,71.225,0.7,0.952
9082,70.9595,0.9,0.944
9083,71.0447,1.0,0.944
9084,71.0703,0.9,0.92
9085,70.9143,0.8,0.924
9086,71.0889,0.9,0.916
9087,71.1289,0.8,0.952
9088,71.0473,0.8,0.952
9089,71.2531,0.8,0.916
9090,70.8326,0.9,0.908
9091,70.98,0.9,0.932
9092,70.9445,0.7,0.92
9093,70.9887,0.8,0.916
9094,70.8776,0.8,0.924
9095,71.2107,0.7,0.908
9096,71.0638,0.7,0.952
9097,70.9348,0.8,0.94
9098,71.0798,0.7,0.936
9099,71.1377,0.8,0.928
9100,71.1437,0.9,0.956
9101,71.0936,0.8,0.94
9102,71.3209,0.7,0.924
9103,71.3539,0.8,0.916
9104,71.1507,0.8,0.98
9105,70.859,0.8,0.936
9106,71.1157,0.8,0.96
9107,71.1002,0.8,0.908
9108,71.1815,0.7,0.956
9109,71.0433,0.8,0.964
9110,71.1752,0.7,0.932
9111,71.1482,0.9,0.964
9112,71.0049,0.9,0.936
9113,71.044,0.9,0.932
9114,71.2058,0.8,0.936
9115,71.0525,1.0,0.948
9116,71.0518,0.8,0.892
9117,71.2956,0.7,0.932
9118,71.1745,0.8,0.956
9119,71.0561,0.9,0.964
9120,71.1014,0.8,0.932
9121,71.2296,0.9,0.952
9122,70.8369,0.8,0.936
9123,70.754,0.8,0.904
9124,71.0898,0.7,0.944
9125,71.1394,0.7,0.948
9126,71.4082,0.8,0.948
9127,71.2835,0.8,0.972
9128,71.1091,0.9,0.952
9129,71.1647,0.9,0.944
9130,70.9381,0.9,0.944
9131,71.0837,0.9,0.976
9132,71.1843,0.7,0.952
9133,71.1327,0.9,0.952
9134,70.873,0.8,0.916
9135,70.7106,0.8,0.916
9136,71.2451,0.8,0.924
9137,70.9582,0.9,0.956
9138,70.9254,0.9,0.936
9139,71.0594,0.8,0.924
9140,71.2385,0.8,0.944
9141,70.9389,0.9,0.96
9142,70.9922,0.8,0.96
9143,70.9023,0.7,0.916
9144,71.4038,0.8,0.952
9145,71.2239,0.8,0.928
9146,71.0103,0.9,0.924
9147,71.1233,1.0,0.964
9148,71.1324,0.8,0.952
9149,70.9741,0.8,0.916
9150,71.3499,0.8,0.9
9151,70.9709,0.9,0.94
9152,71.167,0.8,0.904
9153,70.9933,0.9,0.96
9154,71.0962,0.8,0.968
9155,70.8156,0.9,0.916
9156,71.0924,0.9,0.924
9157,71.0146,0.8,0.92
9158,71.148,0.8,0.924
9159,71.1676,0.8,0.936
9160,71.2174,0.9,0.952
9161,71.1841,0.9,0.98
9162,71.0297,0.8,0.956
9163,71.1497,0.8,0.944
9164,71.0507,0.8,0.92
9165,71.162,0.8,0.976
9166,71.0159,0.8,0.924
9167,70.9329,0.7,0.892
9168,71.0059,0.9,0.956
9169,71.2844,0.8,0.944
9170,71.2366,0.8,0.964
9171,71.0399,0.8,0.972
9172,71.0446,0.8,0.948
9173,71.1252,1.0,0.924
9174,71.1233,0.8,0.936
9175,71.1832,0.8,0.92
9176,71.0361,0.8,0.936
9177,71.0949,1.0,0.916
9178,71.2559,0.8,0.94
9179,70.6889,0.7,0.852
9180,71.3203,0.8,0.924
9181,71.2,0.8,0.952
9182,71.0048,0.9,0.964
9183,71.1418,0.8,0.94
9184,71.0431,0.8,0.928
9185,70.7968,0.9,0.904
9186,71.1628,0.8,0.92
9187,71.3334,0.7,0.92
9188,71.2242,0.7,0.92
9189,71.3666,0.8,0.916
9190,71.2408,0.9,0.96
9191,71.0044,1.0,0.972
9192,70.972,1.0,0.94
9193,70.9837,0.8,0.916
9194,71.2269,0.9,0.944
9195,71.3017,0.8,0.936
9196,70.9629,0.9,0.916
9197,70.9718,1.0,0.948
9198,70.9432,0.8,0.928
9199,71.082,0.8,0.94
9200,70.9141,0.9,0.924
9201,71.0734,0.9,0.928
9202,71.145,0.8,0.936
9203,71.3468,0.8,0.92
9204,71.0034,0.9,0.948
9205,71.13,0.8,0.948
9206,71.2294,0.8,0.936
9207,71.0198,0.6,0.908
9208,71.2477,0.7,0.972
9209,70.8595,0.9,0.92
9210,71.2263,0.8,0.96
9211,71.2291,0.8,0.964
9212,71.1007,0.9,0.968
9213,71.0718,0.8,0.924
9214,71.0907,0.8,0.928
9215,71.1056,0.8,0.94
9216,70.977,0.9,0.944
9217,70.9216,0.8,0.9
9218,70.8027,0.7,0.9
9219,70.9811,0.9,0.936
9220,71.141,0.9,0.944
9221,71.0694,0.9,0.944
9222,71.1234,1.0,0.94
9223,71.0867,0.8,0.96
9224,71.0816,0.8,0.948
9225,71.2259,0.8,0.96
9226,70.878,0.9,0.92
9227,70.9468,0.9,0.96
9228,71.2359,0.8,0.96
9229,70.8204,0.9,0.908
9230,71.3109,0.8,0.948
9231,70.9357,0.9,0.896
9232,70.8642,0.9,0.876
9233,71.1281,0.8,0.944
9234,70.8776,0.8,0.936
9235,71.1816,0.8,0.948
9236,71.1548,1.0,0.932
9237,70.8001,0.9,0.904
9238,70.9131,0.8,0.948
9239,70.8487,0.9,0.916
9240,70.8927,0.6,0.892
9241,70.9975,0.7,0.932
9242,71.3267,0.7,0.904
9243,71.1195,0.8,0.972
9244,71.0749,0.8,0.94
9245,71.2777,0.8,0.972
9246,71.2753,0.8,0.96
9247,70.9599,1.0,0.94
9248,71.4008,0.8,0.928
9249,71.1513,0.8,0.932
9250,71.0955,0.8,0.912
9251,71.3323,0.8,0.952
9252,70.8779,0.9,0.932
9253,70.9176,0.9,0.94
9254,71.2007,0.8,0.964
9255,71.0399,1.0,0.952
9256,71.2071,1.0,0.952
9257,71.1308,0.9,0.956
9258,70.9987,0.8,0.936
9259,71.2643,0.9,0.936
9260,71.1443,0.9,0.968
9261,71.3518,0.8,0.924
9262,71.1354,0.7,0.9
9263,71.0905,0.7,0.928
9264,71.1048,0.8,0.96
9265,71.2891,0.7,0.944
9266,71.2043,0.9,0.952
9267,70.9982,0.8,0.932
9268,70.945,0.8,0.928
9269,70.9794,0.9,0.976
9270,70.9524,0.9,0.956
9271,70.9573,0.9,0.912
9272,71.121,0.8,0.92
9273,71.0341,1.0,0.936
9274,71.3393,0.6,0.924
9275,71.0636,0.9,0.94
9276,70.9743,0.9,0.964
9277,70.9774,0.9,0.964
9278,70.9866,1.0,0.928
9279,71.1479,0.8,0.96
9280,71.13,0.8,0.932
9281,70.9753,0.9,0.908
9282,71.0623,0.8,0.948
9283,70.9118,0.8,0.928
9284,71.0185,1.0,0.944
9285,71.2698,0.8,0.964
9286,70.8404,0.9,0.932
9287,71.0117,0.9,0.964
9288,71.1439,0.8,0.964
9289,71.3231,0.8,0.98
9290,71.0634,0.8,0.928
9291,71.3986,0.8,0.94
9292,71.0889,0.8,0.924
9293,71.2753,0.8,0.952
9294,71.1163,0.8,0.912
9295,70.9054,0.8,0.916
9296,70.9328,0.9,0.94
9297,71.1981,0.8,0.9
9298,71.1884,0.8,0.92
9299,71.0698,1.0,0.936
9300,70.9531,0.9,0.924
9301,71.0501,0.8,0.936
9302,71.2623,0.7,0.912
9303,71.2722,0.8,0.948
9304,71.0093,0.8,0.912
9305,70.9625,0.9,0.952
9306,70.7685,0.6,0.904
9307,70.9607,0.8,0.928
9308,71.1408,1.0,0.956
9309,71.1185,0.8,0.916
9310,71.0257,0.8,0.964
9311,71.3615,0.9,0.908
9312,71.0022,0.8,0.884
9313,70.8778,0.8,0.904
9314,71.2391,0.8,0.904
9315,71.2204,0.8,0.952
9316,70.8877,0.9,0.928
9317,71.0619,0.9,0.912
9318,71.0443,0.8,0.908
9319,70.8964,0.9,0.936
9320,70.8402,0.9,0.916
9321,70.9803,0.9,0.94
9322,70.9269,0.9,0.932
9323,70.8915,0.8,0.896
9324,70.9546,0.9,0.936
9325,71.2405,0.8,0.932
9326,70.9877,0.8,0.904
9327,71.0725,0.8,0.96
9328,71.2261,0.7,0.96
9329,71.1827,0.8,0.952
9330,71.2883,0.6,0.92
9331,71.0519,1.0,0.968
9332,70.8242,0.9,0.88
9333,71.2349,0.9,0.952
9334,70.9107,0.9,0.892
9335,71.0134,0.8,0.912
9336,71.0066,1.0,0.948
9337,71.0652,0.8,0.948
9338,71.1579,0.8,0.952
9339,71.36,0.6,0.924
9340,71.2617,0.9,0.964
9341,70.9491,0.8,0.94
9342,71.1803,0.8,0.912
9343,71.0994,0.8,0.948
9344,71.2849,0.6,0.94
9345,71.2035,0.9,0.952
9346,71.1392,0.8,0.88
9347,71.0461,0.9,0.916
9348,71.0879,0.8,0.936
9349,70.9481,0.9,0.948
9350,71.1789,0.8,0.936
9351,71.2151,0.7,0.96
9352,70.8881,0.9,0.924
9353,71.1079,0.7,0.948
9354,71.1361,0.8,0.92
9355,70.9598,1.0,0.932
9356,71.2173,0.9,0.948
9357,71.1305,0.9,0.968
9358,71.232,0.8,0.936
9359,71.2901,0.8,0.932
9360,71.1601,0.8,0.968
9361,71.1013,0.8,0.936
9362,71.1302,0.7,0.956
9363,71.1024,0.9,0.948
9364,71.0295,0.9,0.94
9365,71.112,0.8,0.928
9366,71.1114,0.9,0.96
9367,71.1099,0.9,0.964
9368,71.3246,0.7,0.884
9369,71.0969,0.9,0.936
9370,70.9574,0.9,0.936
9371,71.0121,0.8,0.94
9372,70.958,1.0,0.932
9373,71.0861,0.9,0.968
9374,71.1002,0.9,0.964
9375,70.9457,0.8,0.916
9376,70.8212,0.8,0.896
9377,70.7086,0.8,0.892
9378,71.1678,1.0,0.968
9379,71.2394,0.7,0.944
9380,71.0458,1.0,0.964
9381,71.2165,0.9,0.956
9382,71.0529,0.9,0.96
9383,70.9589,0.8,0.94
9384,71.1344,0.9,0.948
9385,71.1158,0.8,0.956
9386,71.0078,1.0,0.952
9387,70.8183,0.8,0.892
9388,70.8675,0.9,0.916
9389,71.0204,0.8,0.936
9390,70.9279,0.9,0.92
9391,71.0704,0.9,0.952
9392,71.1275,0.8,0.944
9393,70.837,0.9,0.908
9394,71.1432,0.8,0.94
9395,71.1962,0.9,0.94
9396,70.705,0.8,0.888
9397,71.0143,0.8,0.952
9398,71.1264,0.8,0.912
9399,71.1251,0.8,0.964
9400,71.361,0.7,0.928
9401,70.9057,0.8,0.924
9402,71.0717,0.7,0.924
9403,71.1841,0.7,0.908
9404,71.0433,0.9,0.972
9405,71.0341,0.8,0.944
9406,71.29,0.9,0.92
9407,70.9926,0.8,0.912
9408,71.1986,0.8,0.944
9409,71.0403,0.9,0.912
9410,70.9664,0.8,0.956
9411,70.8152,0.8,0.908
9412,71.1129,0.9,0.944
9413,71.0766,0.7,0.908
9414,71.1228,0.8,0.936
9415,71.1585,0.9,0.944
9416,70.9125,0.8,0.956
9417,71.057,0.9,0.968
9418,71.1881,0.7,0.9
9419,71.2478,0.8,0.956
9420,71.4279,0.7,0.908
9421,71.3596,0.7,0.924
9422,71.2016,0.8,0.952
9423,70.8913,0.8,0.924
9424,71.0966,0.8,0.928
9425,71.127,0.9,0.952
9426,71.0248,0.9,0.952
9427,71.0216,1.0,0.928
9428,71.1144,0.7,0.924
9429,71.2071,0.7,0.952
9430,71.1584,0.8,0.948
9431,71.1797,0.8,0.968
9432,71.0461,0.9,0.952
9433,71.1735,0.8,0.968
9434,71.4212,0.7,0.94
9435,70.8807,0.8,0.888
9436,70.8377,0.8,0.952
9437,71.1398,0.8,0.936
9438,71.1387,0.8,0.96
9439,71.1525,0.8,0.964
9440,70.9918,1.0,0.944
9441,71.297,0.9,0.924
9442,71.3318,0.8,0.928
9443,71.2633,0.8,0.968
9444,71.2418,0.8,0.944
9445,71.1159,0.8,0.952
9446,71.036,0.7,0.94
9447,71.0749,0.9,0.956
9448,70.9466,0.9,0.936
9449,71.2233,0.8,0.936
9450,71.2546,0.9,0.936
9451,71.1395,0.8,0.912
9452,70.9138,0.8,0.94
9453,71.0844,0.9,0.972
9454,71.1331,1.0,0.964
9455,71.1195,0.8,0.944
9456,71.1921,0.8,0.96
9457,71.2988,0.7,0.956
9458,70.809,0.7,0.904
9459,71.2932,0.8,0.956
9460,71.4031,0.6,0.928
9461,71.1255,0.9,0.928
9462,71.0655,1.0,0.932
9463,70.9186,0.8,0.928
9464,70.8551,0.7,0.904
9465,71.2418,0.7,0.964
9466,71.1213,0.7,0.932
9467,71.0305,0.8,0.952
9468,71.0509,0.8,0.88
9469,71.1314,0.8,0.952
9470,71.1089,0.9,0.928
9471,71.2454,0.8,0.952
9472,71.4067,0.7,0.916
9473,71.0314,1.0,0.936
9474,71.2394,0.8,0.952
9475,71.0563,0.9,0.956
9476,71.2024,0.8,0.908
9477,71.0426,0.8,0.956
9478,71.071,0.9,0.936
9479,71.0769,0.8,0.916
9480,71.128,0.7,0.932
9481,71.3202,0.8,0.884
9482,70.923,0.9,0.94
9483,71.0855,0.9,0.968
9484,71.0792,0.8,0.972
9485,71.1583,0.8,0.94
9486,70.9941,1.0,0.916
9487,71.1693,0.8,0.944
9488,71.2169,0.7,0.96
9489,71.2564,0.8,0.968
9490,70.8131,0.9,0.924
9491,71.0053,0.9,0.952
9492,70.7863,0.7,0.9
9493,71.1739,0.9,0.932
9494,70.7989,0.8,0.904
9495,70.8067,0.9,0.892
9496,71.2716,0.7,0.932
9497,71.2542,0.9,0.928
9498,71.273,0.8,0.94
9499,70.7958,0.9,0.92
9500,71.2468,0.7,0.948
9501,71.1037,0.8,0.952
9502,71.1093,0.8,0.908
9503,71.11,1.0,0.972
9504,71.2234,0.7,0.916
9505,71.056,0.8,0.94
9506,71.3451,0.8,0.96
9507,71.0244,0.9,0.98
9508,71.0823,0.7,0.892
9509,71.4472,0.6,0.892
9510,70.8604,0.8,0.888
9511,71.413,0.8,0.924
9512,71.0375,0.9,0.936
9513,71.1519,0.8,0.936
9514,70.9706,0.8,0.936
9515,71.2979,0.8,0.956
9516,70.8364,0.9,0.948
9517,71.0636,0.8,0.948
9518,71.272,0.8,0.956
9519,71.0265,0.8,0.944
9520,71.3648,0.8,0.908
9521,71.1938,0.8,0.948
9522,71.1653,0.8,0.96
9523,71.0306,0.9,0.964
9524,71.1992,0.8,0.948
9525,71.3497,0.8,0.864
9526,71.1671,0.9,0.892
9527,70.8939,0.9,0.932
9528,71.2183,0.8,0.952
9529,70.9422,0.7,0.908
9530,70.9331,0.9,0.928
9531,70.8291,0.9,0.864
9532,71.2072,0.9,0.956
9533,71.1865,0.8,0.948
9534,71.1403,0.7,0.94
9535,71.1419,0.8,0.944
9536,71.1283,0.9,0.944
9537,71.0508,0.8,0.944
9538,71.1079,0.8,0.932
9539,71.0649,1.0,0.972
9540,71.2767,0.8,0.932
9541,71.0583,0.8,0.94
9542,71.1276,0.9,0.956
9543,70.9086,0.7,0.944
9544,70.9834,1.0,0.956
9545,70.9341,0.7,0.932
9546,71.0529,0.8,0.968
9547,71.1,0.9,0.964
9548,71.2846,0.7,0.948
9549,70.9425,0.8,0.884
9550,71.077,1.0,0.98
9551,70.9744,0.9,0.952
9552,71.1491,0.7,0.96
9553,71.0341,0.8,0.908
9554,71.1073,0.8,0.92
9555,71.0809,1.0,0.948
9556,70.9781,0.8,0.94
9557,71.2301,0.8,0.92
9558,71.2861,0.7,0.936
9559,71.089,0.8,0.944
9560,70.9514,1.0,0.94
9561,70.8592,0.8,0.916
9562,71.0746,0.9,0.952
9563,71.0802,0.9,0.948
9564,71.2312,0.8,0.976
9565,71.3555,0.8,0.9
9566,70.7721,0.7,0.892
9567,70.9548,0.8,0.94
9568,70.9824,0.7,0.9
9569,71.0564,0.9,0.956
9570,71.1534,0.8,0.948
9571,71.1947,0.8,0.96
9572,70.9205,1.0,0.928
9573,70.9661,0.7,0.908
9574,71.106,0.8,0.928
9575,70.925,0.7,0.904
9576,71.0938,0.8,0.94
9577,71.228,0.7,0.98
9578,71.1338,0.9,0.956
9579,71.2041,0.8,0.936
9580,70.9985,0.9,0.924
9581,71.1721,0.8,0.904
9582,71.0539,0.8,0.928
9583,70.8307,0.8,0.892
9584,71.0492,0.7,0.948
9585,71.0705,0.9,0.952
9586,70.9617,0.8,0.932
9587,71.1205,0.9,0.976
9588,71.1064,0.6,0.92
9589,71.223,0.8,0.968
9590,71.0296,0.9,0.94
9591,70.9348,0.9,0.928
9592,70.9649,0.9,0.952
9593,70.9915,0.9,0.916
9594,71.1541,0.8,0.964
9595,71.1955,0.8,0.944
9596,71.0203,0.9,0.96
9597,71.0465,0.9,0.92
9598,71.3478,0.8,0.932
9599,71.1532,0.9,0.952
9600,71.1042,0.8,0.94
9601,71.04,0.9,0.932
9602,70.9722,0.8,0.928
9603,71.38,0.8,0.916
9604,71.233,0.6,0.916
9605,70.909,1.0,0.928
9606,70.9117,0.9,0.936
9607,71.1588,1.0,0.944
9608,70.8802,0.9,0.9
9609,71.2285,0.8,0.944
9610,70.9292,0.9,0.94
9611,71.1157,0.8,0.904
9612,71.2642,0.8,0.956
9613,71.1613,0.8,0.912
9614,71.0685,1.0,0.952
9615,71.3951,0.8,0.916
9616,70.894,0.8,0.9
9617,71.3652,0.7,0.924
9618,71.2443,0.7,0.94
9619,71.1103,1.0,0.992
9620,71.0611,0.9,0.944
9621,70.7998,0.7,0.888
9622,71.0409,1.0,0.948
9623,71.3049,0.6,0.948
9624,71.0433,0.8,0.924
9625,70.9757,0.9,0.928
9626,71.0668,0.8,0.908
9627,71.2756,0.8,0.944
9628,71.1379,0.9,0.928
9629,71.187,0.8,0.948
9630,70.9992,0.9,0.964
9631,71.1184,0.8,0.952
9632,71.0975,0.9,0.976
9633,70.8753,0.7,0.944
9634,70.9277,0.8,0.872
9635,71.2996,0.8,0.952
9636,70.9859,0.8,0.9
9637,71.1934,0.8,0.968
9638,70.9805,0.9,0.956
9639,71.0819,0.7,0.956
9640,71.0858,1.0,0.968
9641,71.1149,0.9,0.96
9642,71.4202,0.8,0.92
9643,71.4005,0.8,0.912
9644,70.9345,0.9,0.944
9645,70.9439,0.7,0.912
9646,71.2129,0.7,0.94
9647,70.9851,0.9,0.92
9648,71.0528,0.9,0.952
9649,71.2489,0.8,0.94
9650,70.9573,0.9,0.912
9651,71.0059,0.8,0.956
9652,71.0955,0.8,0.904
9653,71.2479,0.9,0.936
9654,71.1937,0.9,0.952
9655,70.8393,0.8,0.936
9656,70.9962,0.8,0.948
9657,71.181,0.9,0.956
9658,71.1125,0.8,0.964
9659,71.1815,0.7,0.948
9660,71.1219,0.9,0.948
9661,71.1843,0.8,0.956
9662,71.0616,1.0,0.928
9663,71.2364,0.9,0.948
9664,71.1864,0.8,0.944
9665,71.0982,0.7,0.928
9666,71.0635,0.8,0.928
9667,70.9269,0.6,0.896
9668,71.025,0.9,0.948
9669,71.1744,0.7,0.944
9670,70.8061,0.8,0.92
9671,71.1268,0.8,0.924
9672,70.9757,0.8,0.932
9673,71.2355,0.8,0.948
9674,71.0507,0.9,0.948
9675,70.9377,0.9,0.936
9676,71.2685,0.8,0.944
9677,70.8918,0.8,0.892
9678,71.141,0.8,0.948
9679,71.2408,0.8,0.976
9680,71.0826,0.8,0.956
9681,71.2537,0.8,0.92
9682,71.0047,0.7,0.928
9683,71.2284,0.8,0.96
9684,71.0988,0.8,0.956
9685,71.0348,1.0,0.956
9686,70.9996,0.7,0.892
9687,71.4082,0.8,0.932
9688,71.0615,0.8,0.936
9689,70.9327,0.9,0.956
9690,71.0976,0.8,0.928
9691,71.1318,0.8,0.92
9692,71.2908,0.7,0.936
9693,70.9834,0.8,0.9
9694,71.0805,0.8,0.904
9695,71.0112,0.9,0.94
9696,71.0754,0.8,0.968
9697,71.2568,0.8,0.92
9698,70.8492,0.7,0.916
9699,71.0219,0.9,0.944
9700,71.2805,0.8,0.948
9701,71.1544,0.8,0.964
9702,71.2106,0.8,0.94
9703,71.1828,0.8,0.976
9704,71.148,0.8,0.932
9705,70.7678,0.7,0.92
9706,71.3635,0.7,0.924
9707,71.0523,0.8,0.96
9708,70.8812,0.8,0.932
9709,71.2324,0.6,0.912
9710,70.9167,1.0,0.904
9711,71.021,0.9,0.912
9712,70.7938,0.8,0.928
9713,71.0215,0.8,0.94
9714,71.1972,0.8,0.92
9715,71.0243,0.9,0.932
9716,71.2838,0.8,0.916
9717,71.1508,0.9,0.932
9718,71.1058,0.9,0.96
9719,71.1058,0.9,0.952
9720,71.295,0.8,0.916
9721,71.2767,0.9,0.944
9722,71.2983,0.9,0.94
9723,71.1785,0.9,0.904
9724,71.0851,0.9,0.964
9725,71.1817,0.8,0.96
9726,70.9401,0.9,0.948
9727,70.9884,0.8,0.948
9728,71.1387,0.9,0.928
9729,71.1216,1.0,0.94
9730,71.1895,0.8,0.984
9731,70.9584,0.8,0.948
9732,71.295,0.8,0.956
9733,71.1669,0.8,0.896
9734,71.2348,0.8,0.964
9735,71.0332,0.8,0.904
9736,71.2183,0.8,0.936
9737,71.1577,0.7,0.972
9738,71.2972,0.8,0.908
9739,71.1007,0.8,0.94
9740,71.1949,0.8,0.968
9741,71.2891,0.8,0.956
9742,70.9504,0.8,0.912
9743,71.0779,0.8,0.952
9744,71.1667,0.7,0.908
9745,71.1837,1.0,0.944
9746,71.1452,0.8,0.936
9747,71.1964,0.8,0.94
9748,71.0661,0.8,0.952
9749,71.1372,0.9,0.98
9750,71.0287,0.7,0.932
9751,71.133,0.8,0.94
9752,71.0811,1.0,0.988
9753,71.2724,0.6,0.896
9754,70.9312,0.7,0.9
9755,70.8018,0.7,0.916
9756,71.1489,0.8,0.952
9757,71.1622,0.8,0.972
9758,70.9617,0.8,0.936
9759,71.2697,0.8,0.936
9760,71.1561,0.8,0.92
9761,71.2916,0.8,0.928
9762,71.0856,0.9,0.936
9763,71.2267,0.7,0.956
9764,71.3016,0.8,0.936
9765,71.3494,0.7,0.952
9766,71.2301,0.9,0.952
9767,71.0719,0.9,0.976
9768,71.0684,0.9,0.908
9769,71.1088,0.8,0.948
9770,71.1938,0.8,0.952
9771,71.0962,0.8,0.928
9772,71.0973,0.8,0.98
9773,71.1685,0.8,0.964
9774,70.8958,0.9,0.912
9775,71.216,0.8,0.948
9776,71.0484,0.8,0.94
9777,70.9162,0.7,0.932
9778,71.1069,0.9,0.948
9779,71.3387,0.8,0.888
9780,71.0379,0.9,0.896
9781,71.0861,0.8,0.968
9782,71.2623,0.7,0.944
9783,71.1513,1.0,0.948
9784,70.9693,0.8,0.896
9785,70.9363,0.8,0.928
9786,71.0681,0.8,0.952
9787,70.9688,0.8,0.924
9788,71.0092,0.9,0.924
9789,71.0256,0.9,0.964
9790,70.8976,0.9,0.928
9791,71.0028,0.7,0.932
9792,70.8451,0.9,0.932
9793,71.0963,0.7,0.924
9794,71.0792,0.9,0.948
9795,71.1253,0.9,0.952
9796,71.245,0.9,0.92
9797,71.2779,0.7,0.932
9798,71.0357,0.7,0.912
9799,71.0387,0.9,0.908
9800,71.2583,0.8,0.944
9801,70.9329,0.8,0.932
9802,71.0589,0.8,0.952
9803,70.9559,0.9,0.936
9804,71.3224,0.8,0.936
9805,71.0229,0.9,0.932
9806,71.317,0.9,0.928
9807,71.0329,0.9,0.964
9808,71.0433,0.8,0.936
9809,71.3001,0.8,0.92
9810,70.9306,0.9,0.944
9811,71.1932,0.8,0.968
9812,71.0537,0.9,0.944
9813,71.4243,0.8,0.92
9814,70.9527,0.8,0.944
9815,70.8069,0.8,0.904
9816,70.8418,0.8,0.944
9817,71.1615,0.8,0.924
9818,71.0727,0.9,0.96
9819,71.0597,0.9,0.928
9820,71.1254,0.8,0.96
9821,70.7287,0.8,0.92
9822,71.2557,0.9,0.928
9823,70.8962,0.7,0.924
9824,71.0053,0.9,0.928
9825,71.114,0.9,0.94
9826,70.9714,0.7,0.912
9827,71.2116,0.9,0.928
9828,71.0206,0.9,0.952
9829,71.1996,0.9,0.952
9830,71.1131,0.7,0.908
9831,71.2602,0.8,0.924
9832,71.0773,0.8,0.956
9833,71.4336,0.7,0.916
9834,71.2821,0.7,0.944
9835,70.8587,0.8,0.928
9836,71.2412,0.8,0.952
9837,71.1373,1.0,0.96
9838,71.0992,0.9,0.96
9839,71.1044,0.8,0.932
9840,71.0812,0.8,0.924
9841,71.1086,0.8,0.96
9842,71.1376,0.9,0.936
9843,71.0122,0.9,0.904
9844,71.0512,0.9,0.952
9845,71.3028,0.8,0.928
9846,71.1375,0.8,0.944
9847,71.1216,0.9,0.944
9848,70.8742,0.9,0.924
9849,71.1294,0.8,0.956
9850,71.1065,1.0,0.932
9851,70.9846,1.0,0.932
9852,71.2841,0.8,0.944
9853,70.9791,0.8,0.928
9854,71.0082,0.8,0.94
9855,71.189,0.8,0.936
9856,71.2128,0.8,0.98
9857,71.1311,1.0,0.952
9858,70.9515,0.9,0.932
9859,71.2265,0.8,0.984
9860,70.9584,0.9,0.924
9861,71.0337,0.9,0.904
9862,71.2861,0.9,0.892
9863,70.9745,1.0,0.96
9864,71.3599,0.7,0.936
9865,70.9507,0.8,0.912
9866,71.1415,0.9,0.944
9867,71.0285,0.7,0.892
9868,70.934,0.8,0.936
9869,71.2424,0.8,0.972
9870,70.9954,0.8,0.92
9871,71.2656,0.8,0.924
9872,70.9726,0.8,0.948
9873,70.8307,0.8,0.912
9874,71.2808,0.8,0.912
9875,71.1727,0.8,0.96
9876,71.0011,0.8,0.932
9877,71.2172,0.8,0.928
9878,70.7546,0.7,0.896
9879,70.8694,0.8,0.932
9880,71.2798,0.7,0.936
9881,71.1999,0.8,0.956
9882,71.0401,0.8,0.944
9883,70.997,0.8,0.912
9884,71.026,0.8,0.912
9885,71.0449,0.9,0.936
9886,71.0393,0.9,0.948
9887,71.1302,0.9,0.956
9888,71.1363,0.8,0.928
9889,71.2084,0.8,0.964
9890,71.0883,0.7,0.932
9891,71.4131,0.8,0.948
9892,70.9664,1.0,0.948
9893,71.1479,0.8,0.952
9894,70.9828,0.7,0.924
9895,70.9901,0.8,0.94
9896,71.0278,0.8,0.948
9897,71.0593,0.9,0.96
9898,71.2659,0.8,0.964
9899,70.8438,0.7,0.928
9900,71.0002,0.8,0.948
9901,71.1921,0.7,0.944
9902,71.4264,0.7,0.928
9903,71.0115,0.8,0.948
9904,70.8387,0.7,0.92
9905,71.0762,0.8,0.936
9906,71.0933,0.8,0.928
9907,70.8556,0.9,0.904
9908,71.0426,0.9,0.912
9909,71.3593,0.7,0.932
9910,71.3153,0.8,0.916
9911,70.9557,0.9,0.92
9912,71.1588,0.8,0.928
9913,71.1642,0.8,0.968
9914,71.1112,0.8,0.968
9915,71.2984,0.7,0.924
9916,70.9511,0.8,0.932
9917,70.9961,0.8,0.96
9918,71.0811,0.8,0.98
9919,71.0233,0.9,0.952
9920,71.3499,0.7,0.916
9921,71.1178,0.8,0.952
9922,71.1874,0.9,0.948
9923,70.8995,0.9,0.96
9924,71.1783,0.8,0.96
9925,71.0724,1.0,0.944
9926,70.9355,0.9,0.928
9927,70.9581,0.8,0.924
9928,71.1731,0.8,0.944
9929,70.9243,0.7,0.928
9930,70.8868,0.8,0.904
9931,71.1824,0.6,0.94
9932,70.7835,0.8,0.888
9933,71.2746,0.8,0.98
9934,71.3737,0.8,0.932
9935,70.9711,0.8,0.944
9936,71.1687,1.0,0.968
9937,71.1244,0.8,0.952
9938,70.9036,0.9,0.912
9939,71.1975,0.9,0.96
9940,71.0249,0.9,0.948
9941,71.1787,0.7,0.928
9942,71.1325,0.7,0.944
9943,71.1227,0.9,0.972
9944,70.8191,0.8,0.936
9945,71.1825,0.8,0.944
9946,71.1725,0.6,0.896
9947,71.1638,0.8,0.964
9948,71.1245,0.8,0.976
9949,70.8084,0.8,0.908
9950,70.9758,0.9,0.932
9951,71.105,0.8,0.948
9952,70.9991,0.8,0.908
9953,71.1698,0.8,0.984
9954,71.098,0.8,0.928
9955,70.8432,0.9,0.916
9956,71.3344,0.9,0.916
9957,71.2909,0.9,0.96
9958,70.8509,0.8,0.948
9959,70.9869,0.8,0.928
9960,71.1198,0.8,0.896
9961,71.0734,0.8,0.952
9962,70.8709,0.9,0.928
9963,71.233,0.8,0.916
9964,71.1948,0.8,0.972
9965,71.2227,0.9,0.956
9966,71.1799,0.8,0.932
9967,71.0625,0.9,0.912
9968,71.0391,0.8,0.928
9969,71.1537,0.9,0.956
9970,71.0504,0.8,0.956
9971,71.2152,0.8,0.956
9972,70.9784,0.9,0.92
9973,70.9308,0.9,0.936
9974,71.3023,0.8,0.94
9975,71.0505,0.7,0.932
9976,71.0219,0.7,0.912
9977,71.2391,0.9,0.936
9978,71.1669,0.7,0.94
9979,70.9694,0.8,0.936
9980,71.1515,1.0,0.976
9981,71.1323,0.9,0.948
9982,71.1044,1.0,0.94
9983,71.136,0.8,0.912
9984,71.1327,0.8,0.916
9985,71.1292,0.7,0.928
9986,71.2473,0.8,0.94
9987,71.0258,0.9,0.904
9988,71.2644,0.9,0.948
9989,71.104,0.8,0.964
9990,71.3188,0.8,0.92
9991,71.1453,0.8,0.932
9992,71.2496,0.6,0.92
9993,71.2814,0.8,0.952
9994,71.1918,0.7,0.964
9995,71.1679,0.8,0.876
9996,70.9307,0.9,0.96
9997,71.0587,0.9,0.936
9998,71.2093,0.7,0.936
9999,70.9926,0.9,0.916
10000,71.1375,0.8,0.928
